time,latitude,longitude,depth,mag,magType,nst,gap,dmin,rms,net,id,updated,place,type,horizontalError,depthError,magError,magNst,status,locationSource,magSource
2024-12-06T17:14:57.842Z,1.5555,121.2091,12.625,5.5,mww,156,28,0.614,1.05,us,us7000nwmn,2024-12-06T19:18:48.520Z,"234 km WNW of Gorontalo, Indonesia",earthquake,5.18,4.174,0.056,31,reviewed,us,us
2024-12-06T13:57:11.217Z,-14.8251,-109.4483,10,4.9,mb,91,150,12.24,0.53,us,us7000nwks,2024-12-06T15:05:37.040Z,"central East Pacific Rise",earthquake,13.88,1.916,0.035,252,reviewed,us,us
2024-12-06T10:28:38.118Z,-19.6151,-174.378,44.021,5.1,mb,57,42,4.236,0.72,us,us7000nwid,2024-12-06T18:47:54.454Z,"16 km NNW of Fangale’ounga, Tonga",earthquake,12.82,6.931,0.057,102,reviewed,us,us
2024-12-06T07:53:18.518Z,-22.1242,-67.2173,180.901,4.8,mb,53,43,1.212,0.99,us,us7000nwhj,2024-12-06T08:10:56.040Z,"133 km NE of San Pedro de Atacama, Chile",earthquake,7.73,6.974,0.08,49,reviewed,us,us
2024-12-06T05:32:34.029Z,-8.4712,147.6482,127.865,4.5,mb,31,143,1.046,0.77,us,us7000nwgq,2024-12-06T09:18:45.040Z,"46 km NNW of Kokoda, Papua New Guinea",earthquake,13.1,5.32,0.088,38,reviewed,us,us
2024-12-06T05:26:00.057Z,31.8224,131.4645,57.803,4.8,mb,53,125,0.918,0.38,us,us7000nwgn,2024-12-06T06:52:44.040Z,"11 km SSE of Miyazaki, Japan",earthquake,6.62,7.258,0.05,123,reviewed,us,us
2024-12-06T03:30:23.193Z,10.8524,-62.3966,96.933,4.7,mb,64,84,3.591,0.86,us,us7000nwfw,2024-12-06T04:42:10.188Z,"32 km NNW of Güiria, Venezuela",earthquake,10.42,8.465,0.046,145,reviewed,us,us
2024-12-05T20:53:05.555Z,34.6086,33.9473,36.447,4.5,mb,93,89,0.617,0.68,us,us7000nwak,2024-12-06T14:22:25.040Z,"41 km SE of Perivólia, Cyprus",earthquake,5.35,7.352,0.069,62,reviewed,us,us
2024-12-05T19:41:07.774Z,-4.153,-104.4441,10,5.1,mb,72,105,13.952,0.82,us,us7000nw8z,2024-12-05T20:05:59.040Z,"central East Pacific Rise",earthquake,12.84,1.91,0.066,74,reviewed,us,us
2024-12-05T18:46:27.619Z,40.4422,-125.0287,10,4.7,ml,20,253,0.694,0.54,us,us7000nwbj,2024-12-06T18:50:08.920Z,"66 km WSW of Ferndale, California",earthquake,4.16,1.995,0.066,30,reviewed,us,us
2024-12-05T18:44:21.110Z,40.374,-125.02166666667,10,7,mw,172,229,0.5261,0.23,nc,nc75095651,2024-12-06T19:43:45.025Z,"2024 Offshore Cape Mendocino, California Earthquake",earthquake,0.63,31.61,0.018,303,reviewed,nc,nc
2024-12-05T16:51:31.095Z,-55.7476,-29.0697,171.121,5.1,mb,32,199,4.515,0.91,us,us7000nw6g,2024-12-05T17:06:34.040Z,"South Sandwich Islands region",earthquake,15.17,11.152,0.076,56,reviewed,us,us
2024-12-05T16:46:08.830Z,-12.3629,167.0881,256.644,4.8,mb,46,77,3.068,0.94,us,us7000nw5h,2024-12-05T17:01:01.040Z,"174 km NNW of Sola, Vanuatu",earthquake,11.84,8.129,0.031,324,reviewed,us,us
2024-12-05T14:36:00.702Z,32.2187,137.9821,365.692,4.8,mb,83,58,1.785,0.55,us,us7000nw4s,2024-12-05T14:54:55.401Z,"248 km SE of Kushimoto, Japan",earthquake,8.35,6.845,0.045,151,reviewed,us,us
2024-12-05T13:39:51.386Z,-23.459,-66.8116,226.76,5.2,mww,56,72,1.355,1.02,us,us7000nw44,2024-12-05T13:55:25.040Z,"97 km NNW of San Antonio de los Cobres, Argentina",earthquake,8.68,7.472,0.071,19,reviewed,us,us
2024-12-05T13:25:58.229Z,28.3941,51.6774,10,5,mb,84,78,5.31,0.79,us,us7000nw43,2024-12-05T13:44:42.040Z,"100 km WSW of Fīrūzābād, Iran",earthquake,7.22,1.865,0.054,110,reviewed,us,us
2024-12-05T11:48:03.408Z,52.0168,-170.7911,42.916,5.6,mww,125,59,0.941,1.08,us,us7000nw3f,2024-12-06T11:52:41.117Z,"166 km SW of Nikolski, Alaska",earthquake,2.11,6.487,0.066,22,reviewed,us,us
2024-12-05T10:41:24.352Z,-18.6411,-71.2224,57.251,4.5,mb,34,147,0.878,1.11,us,us7000nw38,2024-12-05T12:30:14.040Z,"99 km W of Arica, Chile",earthquake,7.27,8.974,0.091,35,reviewed,us,us
2024-12-05T08:00:31.092Z,-3.1388,136.8115,44.308,4.5,mb,37,65,3.936,0.78,us,us7000nw2k,2024-12-05T09:09:31.040Z,"147 km E of Nabire, Indonesia",earthquake,7.09,8.157,0.111,24,reviewed,us,us
2024-12-05T07:49:50.488Z,17.5035,60.2162,10,4.6,mb,39,116,8.295,0.71,us,us7000nw2j,2024-12-05T08:07:44.040Z,"Owen Fracture Zone region",earthquake,11.2,1.92,0.098,31,reviewed,us,us
2024-12-05T06:21:22.666Z,32.798,73.7417,10,5.2,mb,135,34,4.206,0.66,us,us7000nw1v,2024-12-05T16:27:12.767Z,"7 km W of Mehmand Chak, Pakistan",earthquake,8.43,1.85,0.055,108,reviewed,us,us
2024-12-05T05:38:47.558Z,31.8473,49.5045,10,5,mww,110,53,4.48,0.67,us,us7000nw1s,2024-12-05T09:41:40.250Z,"21 km ESE of Masjed Soleymān, Iran",earthquake,9.79,1.857,0.08,15,reviewed,us,us
2024-12-05T04:23:18.820Z,31.6172,49.4436,10,4.9,mb,97,67,4.59,1.13,us,us7000nw1i,2024-12-05T05:58:31.689Z,"37 km SSE of Masjed Soleymān, Iran",earthquake,6.81,1.845,0.053,113,reviewed,us,us
2024-12-05T04:02:39.687Z,31.7002,49.5826,10,5.6,mb,87,32,4.625,0.99,us,us7000nw1c,2024-12-06T04:09:29.071Z,"37 km SE of Masjed Soleymān, Iran",earthquake,7.36,1.846,0.052,131,reviewed,us,us
2024-12-05T01:23:54.545Z,50.3251,151.8843,338.886,4.5,mb,108,110,4.564,0.64,us,us7000nw0w,2024-12-05T01:38:22.040Z,"northwest of the Kuril Islands",earthquake,10.57,7.77,0.04,182,reviewed,us,us
2024-12-04T22:47:26.274Z,-6.6182,129.7655,160.326,4.5,mb,26,90,2.087,0.61,us,us7000nw06,2024-12-04T23:03:57.040Z,"Banda Sea",earthquake,10.83,7.91,0.108,25,reviewed,us,us
2024-12-04T16:53:01.709Z,24.8553,128.0662,10,4.9,mb,76,103,1.981,0.6,us,us7000nvxl,2024-12-04T18:18:12.040Z,"146 km SSE of Itoman, Japan",earthquake,7.8,1.867,0.057,99,reviewed,us,us
2024-12-04T11:46:46.713Z,-56.0349,-27.6072,92.79,4.9,mb,23,67,5.385,0.78,us,us7000nvw6,2024-12-04T12:07:32.040Z,"South Sandwich Islands region",earthquake,11.83,8.587,0.119,22,reviewed,us,us
2024-12-04T10:11:44.788Z,36.078,139.8723,73.503,4.8,mb,42,125,1.421,0.57,us,us7000nvuq,2024-12-04T12:24:11.765Z,"3 km NW of Iwai, Japan",earthquake,6.76,7.264,0.125,20,reviewed,us,us
2024-12-04T09:09:09.980Z,35.9112,31.6536,46.593,4.6,mb,55,76,1.638,0.88,us,us7000nvuc,2024-12-06T10:15:45.420Z,"71 km SW of Gazipaşa, Turkey",earthquake,5.99,11.74,0.094,34,reviewed,us,us
2024-12-04T07:42:53.546Z,-15.7357,-174.3183,180.994,4.9,mb,52,53,3.052,0.66,us,us7000nvu1,2024-12-04T08:06:33.040Z,"60 km WNW of Hihifo, Tonga",earthquake,9.34,7.496,0.064,80,reviewed,us,us
2024-12-04T07:11:51.277Z,-43.514,-81.6193,10,5.3,mww,57,50,6.041,0.92,us,us7000nvts,2024-12-05T07:15:16.901Z,"West Chile Rise",earthquake,11.49,1.898,0.066,22,reviewed,us,us
2024-12-04T01:56:57.937Z,18.3418,80.4451,10,5,mb,63,52,9.886,0.79,us,us7000nvs3,2024-12-06T10:49:51.150Z,"55 km ENE of Mulugu, India",earthquake,10.44,1.894,0.064,77,reviewed,us,us
2024-12-04T00:09:30.597Z,23.7065,123.3442,10,5.1,mb,40,93,0.816,0.87,us,us7000nvrp,2024-12-04T03:44:30.040Z,"91 km SSE of Yonakuni, Japan",earthquake,3.66,1.902,0.11,27,reviewed,us,us
2024-12-03T22:31:05.213Z,34.6303,140.5737,73.988,4.7,mb,23,129,1.638,0.52,us,us7000nvr1,2024-12-03T23:13:59.040Z,"61 km SSE of Katsuura, Japan",earthquake,7.43,8.98,0.152,13,reviewed,us,us
2024-12-03T20:27:38.221Z,18.1235,145.4145,290.987,4.9,mb,109,79,2.889,0.85,us,us7000nvqb,2024-12-03T20:47:12.040Z,"Pagan region, Northern Mariana Islands",earthquake,9.92,7.223,0.032,301,reviewed,us,us
2024-12-03T18:54:45.377Z,18.5018,120.8973,69.997,5.7,mww,152,20,4.297,0.84,us,us7000nvpy,2024-12-04T18:58:34.401Z,"13 km ESE of Pagudpud, Philippines",earthquake,8.37,6.057,0.043,51,reviewed,us,us
2024-12-03T18:27:00.956Z,8.4949,126.8693,35,4.9,mb,57,111,1.908,0.78,us,us7000nvpv,2024-12-03T19:59:54.040Z,"60 km ENE of Hinatuan, Philippines",earthquake,6.53,1.873,0.085,43,reviewed,us,us
2024-12-03T17:34:47.823Z,18.8809,145.523,235.884,4.6,mb,80,65,3.629,1.01,us,us7000nvpq,2024-12-03T18:13:06.040Z,"Pagan region, Northern Mariana Islands",earthquake,10.74,6.563,0.067,66,reviewed,us,us
2024-12-03T16:57:06.894Z,53.9143,160.4887,58.956,5,mww,198,81,1.416,0.64,us,us7000nvpl,2024-12-04T17:35:58.040Z,"149 km SE of Mil’kovo, Russia",earthquake,8.69,5.573,0.086,13,reviewed,us,us
2024-12-03T16:09:11.435Z,4.8701,126.3962,11.691,5.2,mww,230,26,2.331,0.55,us,us7000nvnb,2024-12-04T17:20:00.040Z,"119 km ESE of Sarangani, Philippines",earthquake,5.88,2.966,0.068,21,reviewed,us,us
2024-12-03T14:54:25.208Z,-23.6995,-67.1338,163.733,4.7,mww,113,43,1.215,0.74,us,us7000nvmq,2024-12-05T17:06:21.040Z,"100 km NW of San Antonio de los Cobres, Argentina",earthquake,9.08,6.351,0.071,19,reviewed,us,us
2024-12-03T12:41:04.636Z,25.7238,142.6558,10,4.6,mb,41,123,1.43,0.91,us,us7000nvm9,2024-12-03T13:28:43.040Z,"Volcano Islands, Japan region",earthquake,11.47,1.568,0.087,39,reviewed,us,us
2024-12-03T11:45:41.023Z,-6.9612,153.7972,39.872,4.8,mb,52,46,3.196,0.68,us,us7000nvm2,2024-12-03T12:10:35.040Z,"199 km WSW of Panguna, Papua New Guinea",earthquake,9.79,2.812,0.089,39,reviewed,us,us
2024-12-03T09:32:17.420Z,19.5463,-65.2615,106,4.65,md,26,244,1.2299,0.51,pr,pr2024338004,2024-12-03T19:48:36.040Z,"137 km N of Culebra, Puerto Rico",earthquake,5.18,7.9,0.14,19,reviewed,pr,pr
2024-12-03T08:06:03.962Z,-21.183,-178.8044,574.746,5.4,mww,77,42,4.526,0.84,us,us7000nvkt,2024-12-04T08:08:32.103Z,"Fiji region",earthquake,10.01,4.144,0.089,12,reviewed,us,us
2024-12-03T07:29:29.514Z,-41.2909,85.6983,10,5.1,mb,45,64,7.185,1.26,us,us7000nvkm,2024-12-03T07:47:40.040Z,"southeast Indian Ridge",earthquake,10.64,1.887,0.087,43,reviewed,us,us
2024-12-03T04:31:49.184Z,-24.6177,179.877,508.301,4.6,mb,54,77,5.007,0.88,us,us7000nvk3,2024-12-03T04:47:27.040Z,"south of the Fiji Islands",earthquake,12.67,8.334,0.064,73,reviewed,us,us
2024-12-03T03:55:00.018Z,-52.8431,19.4932,10,4.9,mb,26,59,20.473,0.95,us,us7000nvjy,2024-12-03T04:17:06.040Z,"southwest of Africa",earthquake,12.05,1.863,0.119,22,reviewed,us,us
2024-12-02T19:15:58.267Z,-24.5302,-176.0604,35,4.8,mb,32,121,4.997,0.51,us,us7000nvi0,2024-12-02T19:38:33.040Z,"south of the Fiji Islands",earthquake,14.45,1.926,0.081,47,reviewed,us,us
2024-12-02T16:06:16.509Z,-23.6207,-179.6488,533.263,4.6,mb,40,107,5.809,0.65,us,us7000nvft,2024-12-02T20:23:13.040Z,"south of the Fiji Islands",earthquake,13.9,10.034,0.098,31,reviewed,us,us
2024-12-02T16:06:10.892Z,-9.6447,110.2067,10,4.5,mb,34,116,2.589,1.11,us,us7000nvfs,2024-12-02T20:12:48.040Z,"187 km S of Bambanglipuro, Indonesia",earthquake,3.68,1.899,0.121,20,reviewed,us,us
2024-12-02T15:11:52.852Z,-48.7653,106.2816,10,5,mb,38,97,21.049,0.48,us,us7000nvg1,2024-12-02T20:02:42.040Z,"southeast Indian Ridge",earthquake,14.39,1.841,0.113,25,reviewed,us,us
2024-12-02T12:40:02.783Z,-7.9968,106.983,29.872,4.6,mb,31,91,0.848,1.11,us,us7000nvfb,2024-12-02T13:54:31.040Z,"101 km SSW of Banjar, Indonesia",earthquake,6.6,5.805,0.11,25,reviewed,us,us
2024-12-02T12:19:09.383Z,-2.7278,129.3991,10,4.7,mb,43,62,1.852,1.67,us,us7000nvf3,2024-12-02T13:05:35.040Z,"79 km NE of Masohi, Indonesia",earthquake,6.7,1.891,0.095,34,reviewed,us,us
2024-12-02T07:05:30.025Z,0.7155,126.1945,57.365,4.5,mb,34,66,1.173,0.5,us,us7000nvei,2024-12-02T14:43:37.040Z,"132 km W of Ternate, Indonesia",earthquake,9.15,8.592,0.103,28,reviewed,us,us
2024-12-02T01:18:44.020Z,32.4522,142.4001,10,4.8,mww,63,103,2.277,1.3,us,us7000nvcs,2024-12-02T01:32:55.040Z,"Izu Islands, Japan region",earthquake,5.48,1.84,0.075,17,reviewed,us,us
2024-12-02T01:01:11.971Z,13.121,146.8706,10,5,mb,51,119,2.004,0.89,us,us7000nvcm,2024-12-06T01:11:20.164Z,"219 km ESE of Yigo Village, Guam",earthquake,6.22,1.906,0.097,34,reviewed,us,us
2024-12-01T22:59:02.217Z,53.8308,160.5584,63.688,4.7,mb,73,115,1.399,0.5,us,us7000nvc5,2024-12-03T04:03:12.040Z,"154 km ENE of Petropavlovsk-Kamchatsky, Russia",earthquake,10.17,6.78,0.043,163,reviewed,us,us
2024-12-01T22:26:37.736Z,53.4431,-163.5267,25.295,4.6,mww,88,166,1.211,0.68,us,us7000nvc0,2024-12-03T19:53:27.040Z,"157 km S of False Pass, Alaska",earthquake,5.71,5.762,0.103,9,reviewed,us,us
2024-12-01T17:56:37.305Z,-59.0563,-25.6052,52.374,4.9,mb,48,81,7.665,0.68,us,us7000nvaq,2024-12-01T18:44:30.040Z,"South Sandwich Islands region",earthquake,11.22,7.132,0.082,47,reviewed,us,us
2024-12-01T14:33:37.656Z,17.661,119.5824,14.383,4.5,mb,35,117,5.696,0.73,us,us7000nva5,2024-12-01T15:01:38.040Z,"82 km W of Puro Pinget, Philippines",earthquake,8.8,4.045,0.098,31,reviewed,us,us
2024-12-01T11:13:34.019Z,-5.2074,150.6547,242.629,4.5,mb,21,102,1.811,0.54,us,us7000nv9i,2024-12-01T11:29:04.040Z,"68 km ENE of Kimbe, Papua New Guinea",earthquake,12,12.43,0.128,18,reviewed,us,us
2024-12-01T07:57:45.387Z,18.4653,95.2239,84.854,4.6,mb,46,166,2.741,0.57,us,us7000nv8y,2024-12-01T08:17:53.040Z,"22 km NNW of Myanaung, Myanmar",earthquake,9.12,8.255,0.073,57,reviewed,us,us
2024-12-01T06:12:22.873Z,-35.5199,78.3731,10,5,mb,50,58,33.334,0.59,us,us7000nv8n,2024-12-01T06:32:52.040Z,"Mid-Indian Ridge",earthquake,10.64,1.874,0.073,59,reviewed,us,us
2024-12-01T00:01:58.383Z,-28.7711,-176.4442,10,4.9,mb,50,69,1.382,0.92,us,us7000nv77,2024-12-01T00:22:22.040Z,"Kermadec Islands region",earthquake,10.82,1.883,0.086,42,reviewed,us,us
2024-11-30T22:12:26.508Z,-22.7218,-12.8275,10,4.8,mb,37,96,26.803,0.79,us,us7000nv6w,2024-11-30T22:32:13.040Z,"southern Mid-Atlantic Ridge",earthquake,12.71,1.9,0.094,35,reviewed,us,us
2024-11-30T21:36:05.377Z,13.0438,143.8836,130.032,4.7,mb,92,39,1.101,0.71,us,us7000nv6t,2024-12-01T23:34:38.420Z,"88 km WSW of Merizo Village, Guam",earthquake,9.18,5.928,0.044,161,reviewed,us,us
2024-11-30T21:11:28.323Z,-3.0693,128.7931,37.567,4.5,mb,26,87,1.82,0.69,us,us7000nv6q,2024-11-30T22:39:57.040Z,"31 km NW of Masohi, Indonesia",earthquake,9.32,7.216,0.131,17,reviewed,us,us
2024-11-30T18:34:56.546Z,-18.3012,-69.6103,111.387,4.8,mb,76,70,0.698,1.04,us,us7000nv60,2024-11-30T19:13:13.040Z,"69 km SSE of Palca, Peru",earthquake,6.91,6.16,0.039,204,reviewed,us,us
2024-11-30T17:58:42.391Z,-2.705,136.6551,45.13,4.6,mb,21,179,4.406,1.08,us,us7000nv5y,2024-11-30T21:11:13.040Z,"147 km ENE of Nabire, Indonesia",earthquake,5.67,14.595,0.141,15,reviewed,us,us
2024-11-30T17:47:07.472Z,0.3403,122.1671,173.798,4.5,mb,27,88,1.5,0.83,us,us7000nv5x,2024-11-30T21:07:16.040Z,"102 km WSW of Gorontalo, Indonesia",earthquake,9.02,8.55,0.113,23,reviewed,us,us
2024-11-30T17:19:16.579Z,25.1884,126.1009,39.267,4.6,mb,36,83,1.878,1.08,us,us7000nv5v,2024-11-30T21:04:15.040Z,"91 km ENE of Miyakojima, Japan",earthquake,8.08,8.426,0.098,31,reviewed,us,us
2024-11-30T16:10:41.920Z,6.2482,123.3467,10,4.5,mb,71,43,2.363,0.55,us,us7000nv5u,2024-12-03T19:29:49.040Z,"80 km WSW of Sangay, Philippines",earthquake,6.94,1.822,0.073,61,reviewed,us,us
2024-11-30T15:08:50.487Z,19.3318,-108.5272,10,5.4,mww,176,72,6.532,0.54,us,us7000nv52,2024-12-03T18:39:50.778Z,"Revilla Gigedo Islands region",earthquake,9.5,1.852,0.036,75,reviewed,us,us
2024-11-30T15:06:52.744Z,-18.2076,-172.618,10,4.9,mb,49,77,2.694,1.04,us,us7000nv53,2024-12-03T17:24:26.040Z,"152 km ENE of Neiafu, Tonga",earthquake,4.13,1.871,0.068,68,reviewed,us,us
2024-11-30T14:48:36.388Z,-20.0686,-175.8673,225.241,4.6,mb,35,118,5.687,1.19,us,us7000nv4y,2024-11-30T15:11:21.040Z,"135 km NNW of Houma, Tonga",earthquake,12.59,4.31,0.08,46,reviewed,us,us
2024-11-30T14:10:15.823Z,-5.96,147.5369,113.378,4.8,mb,53,48,3.443,1,us,us7000nv4u,2024-11-30T14:44:11.040Z,"74 km NNW of Finschhafen, Papua New Guinea",earthquake,8.43,7.41,0.064,75,reviewed,us,us
2024-11-30T13:15:40.304Z,-24.1458,179.7241,525.886,5.1,mww,58,71,5.495,0.85,us,us7000nv4l,2024-11-30T13:34:41.040Z,"south of the Fiji Islands",earthquake,12.03,7.777,0.103,9,reviewed,us,us
2024-11-30T10:33:40.015Z,17.5573,145.8326,194.438,5.1,mb,89,77,2.304,1.11,us,us7000nv43,2024-12-06T10:43:55.099Z,"259 km N of Saipan, Northern Mariana Islands",earthquake,9.43,6.119,0.025,516,reviewed,us,us
2024-11-30T09:07:02.376Z,23.8401,123.3914,23.58,5.2,mww,61,76,0.714,0.91,us,us7000nv3k,2024-11-30T09:55:57.152Z,"79 km SSE of Yonakuni, Japan",earthquake,5.43,5.122,0.08,15,reviewed,us,us
2024-11-30T08:46:15.083Z,25.2823,126.059,40.336,5.7,mww,112,32,1.886,0.83,us,us7000nv3a,2024-12-04T02:35:33.833Z,"92 km NE of Hirara, Japan",earthquake,7,6.387,0.04,59,reviewed,us,us
2024-11-30T08:34:11.948Z,23.8777,123.3477,36.057,4.8,mb,55,92,0.662,0.81,us,us7000nv35,2024-11-30T09:06:54.040Z,"74 km SSE of Yonakuni, Japan",earthquake,5.89,7.858,0.078,51,reviewed,us,us
2024-11-30T07:51:39.929Z,-32.7314,-178.5686,10,4.6,mb,19,169,3.503,1.05,us,us7000nv33,2024-11-30T08:13:33.040Z,"south of the Kermadec Islands",earthquake,10.99,1.96,0.132,17,reviewed,us,us
2024-11-30T01:19:36.623Z,-22.4085,-177.9246,336.753,4.5,mb,36,112,5.984,1.08,us,us7000nv1b,2024-11-30T01:40:15.040Z,"south of the Fiji Islands",earthquake,11.59,8.91,0.067,66,reviewed,us,us
2024-11-30T00:52:29.577Z,37.0236,136.4226,10,4.8,mww,94,54,1.508,0.89,us,us7000nv16,2024-11-30T01:12:22.040Z,"35 km WNW of Hakui, Japan",earthquake,5.28,1.84,0.098,10,reviewed,us,us
2024-11-30T00:36:00.126Z,-8.8534,-81.1288,10,5.2,mb,78,156,5.242,0.91,us,us7000nv14,2024-12-01T17:18:40.512Z,"230 km WSW of Santiago de Cao, Peru",earthquake,8.48,1.894,0.027,456,reviewed,us,us
2024-11-29T21:20:55.042Z,-12.4753,167.0786,249.124,4.5,mb,48,65,2.956,0.74,us,us7000nv0e,2024-11-30T00:09:11.040Z,"163 km NNW of Sola, Vanuatu",earthquake,12.75,7.919,0.085,40,reviewed,us,us
2024-11-29T20:39:23.362Z,4.6325,127.7293,132.815,4.6,mb,126,72,3.231,0.75,us,us7000nv09,2024-11-29T23:03:37.040Z,"257 km SE of Pondaguitan, Philippines",earthquake,7.94,5.84,0.047,143,reviewed,us,us
2024-11-29T19:13:15.632Z,35.9457,31.7278,59.603,4.8,mww,128,23,1.636,0.89,us,us7000nv00,2024-12-06T00:54:25.680Z,"64 km SW of Gazipaşa, Turkey",earthquake,5.17,5.803,0.086,13,reviewed,us,us
2024-11-29T18:57:04.458Z,-0.2743,124.1524,71.709,4.5,mb,44,51,1.577,1.14,us,us7000nuzz,2024-11-29T21:52:52.040Z,"86 km SSW of Modisi, Indonesia",earthquake,6.14,7.142,0.092,38,reviewed,us,us
2024-11-29T16:13:18.372Z,-7.6456,104.8901,15.601,4.8,mb,32,162,2.742,1.23,us,us7000nuyl,2024-11-29T16:38:36.040Z,"174 km SW of Labuan, Indonesia",earthquake,6.43,5.086,0.113,24,reviewed,us,us
2024-11-28T23:26:45.140Z,-19.5948,169.0564,118.657,4.6,mb,41,129,3.358,0.81,us,us7000nuus,2024-11-29T00:33:53.040Z,"24 km WSW of Isangel, Vanuatu",earthquake,9.35,7.887,0.093,35,reviewed,us,us
2024-11-28T23:25:24.448Z,-29.3042,-177.9784,78.068,4.9,mb,20,128,0.066,1.65,us,us7000nuun,2024-11-29T00:02:28.040Z,"Kermadec Islands, New Zealand",earthquake,14.02,5.196,0.132,18,reviewed,us,us
2024-11-28T21:55:24.786Z,-3.834,100.5065,10,4.6,mb,34,202,2.498,0.7,us,us7000nuub,2024-11-28T22:27:24.040Z,"195 km W of Bengkulu, Indonesia",earthquake,11.06,1.933,0.109,25,reviewed,us,us
2024-11-28T19:28:47.056Z,34.1597,141.7806,35.044,4.8,mb,34,139,1.944,0.7,us,us7000nutf,2024-11-28T21:47:51.040Z,"173 km SE of Shinmachi, Japan",earthquake,9.42,7.905,0.091,37,reviewed,us,us
2024-11-28T18:41:43.010Z,-28.9522,-176.9137,35,4.9,mb,48,110,0.933,0.89,us,us7000nuta,2024-11-28T19:11:23.040Z,"Kermadec Islands region",earthquake,10.48,1.897,0.07,66,reviewed,us,us
2024-11-28T17:23:33.756Z,-5.5559,147.4597,195.059,4.6,mb,37,71,3.491,0.76,us,us7000nusu,2024-11-28T17:51:52.040Z,"118 km NNW of Finschhafen, Papua New Guinea",earthquake,6.62,7.09,0.096,34,reviewed,us,us
2024-11-28T15:40:55.404Z,-20.3301,67.8126,10,4.9,mb,32,61,4.215,1.06,us,us7000nuru,2024-11-28T16:02:15.040Z,"Mid-Indian Ridge",earthquake,12.26,1.877,0.105,28,reviewed,us,us
2024-11-28T10:49:00.101Z,36.6657,71.1984,215.713,5.1,mb,60,77,2.151,0.98,us,us7000nupk,2024-12-03T09:08:55.253Z,"30 km W of Ashkāsham, Afghanistan",earthquake,7.39,9.053,0.082,48,reviewed,us,us
2024-11-28T08:31:06.542Z,36.946,136.4381,10,4.5,mwr,90,55,1.474,1,us,us7000nunw,2024-11-28T09:01:22.756Z,"31 km WNW of Hakui, Japan",earthquake,7.62,1.863,0.075,17,reviewed,us,us
2024-11-28T01:52:31.003Z,43.4644,-127.167,10,4.6,mww,136,197,1.646,0.88,us,us7000num7,2024-11-28T18:23:15.899Z,"227 km W of Bandon, Oregon",earthquake,4.55,1.998,0.063,24,reviewed,us,us
2024-11-27T22:03:56.567Z,-37.7402,179.6884,19,5.8,mww,131,51,1.111,1.22,us,us7000nula,2024-11-28T22:08:26.101Z,"123 km E of Hicks Bay, New Zealand",earthquake,7.41,1.674,0.046,46,reviewed,us,us
2024-11-27T21:58:45.213Z,15.3961,120.8057,182,5.7,mww,127,32,7.387,0.89,us,us7000nul8,2024-11-28T22:02:36.741Z,"0 km SSE of Batitang, Philippines",earthquake,8.43,1.884,0.044,50,reviewed,us,us
2024-11-27T20:34:40.723Z,48.6418,100.1068,10,5.1,mb,49,41,4.279,0.74,us,us7000nuku,2024-11-27T20:52:31.040Z,"109 km SSW of Tsengel, Mongolia",earthquake,7.13,1.845,0.081,49,reviewed,us,us
2024-11-27T20:31:40.828Z,40.3941,77.7796,10,4.5,mwr,89,115,1.356,0.84,us,us7000nuks,2024-11-29T19:56:20.206Z,"123 km WNW of Tumxuk, China",earthquake,5.69,1.886,0.061,26,reviewed,us,us
2024-11-27T18:04:59.040Z,11.2129,125.8231,35,4.5,mb,95,111,4.124,0.67,us,us7000nujz,2024-11-28T17:02:48.094Z,"18 km ENE of Salcedo, Philippines",earthquake,10.6,1.896,0.06,89,reviewed,us,us
2024-11-27T17:31:02.638Z,37.3768,71.5398,113.349,4.7,mwr,127,82,1.945,0.62,us,us7000nuj7,2024-11-28T16:34:45.040Z,"12 km S of Khorugh, Tajikistan",earthquake,4.97,5.575,0.073,18,reviewed,us,us
2024-11-27T15:59:18.111Z,-60.2725,-47.6045,10,5.2,mb,74,56,8.495,0.51,us,us7000nuix,2024-11-27T16:14:49.040Z,"Scotia Sea",earthquake,8.58,1.856,0.069,69,reviewed,us,us
2024-11-27T15:46:15.567Z,27.7484,52.3069,10,4.5,mb,86,62,4.474,0.58,us,us7000nuiu,2024-11-27T16:17:29.040Z,"60 km WNW of Mohr, Iran",earthquake,7.96,1.859,0.06,82,reviewed,us,us
2024-11-27T15:46:01.820Z,-14.4419,167.3887,183.737,4.5,mb,38,126,1.015,0.6,us,us7000nuir,2024-11-27T16:27:52.040Z,"65 km SSW of Sola, Vanuatu",earthquake,13.13,6.442,0.107,26,reviewed,us,us
2024-11-27T15:32:23.626Z,24.0113,121.7273,43.625,4.6,mwr,57,68,0.729,0.82,us,us7000nuil,2024-11-28T23:06:22.397Z,"13 km ENE of Hualien City, Taiwan",earthquake,3.34,6.095,0.063,24,reviewed,us,us
2024-11-27T12:33:14.118Z,10.1617,125.6071,117.804,4.9,mb,94,72,3.072,0.84,us,us7000nuhy,2024-11-27T13:03:51.673Z,"19 km SSE of Tubajon, Philippines",earthquake,10.17,7.01,0.062,82,reviewed,us,us
2024-11-27T08:59:10.742Z,9.1146,126.6251,59.188,5,mb,62,73,2.28,1.2,us,us7000nug7,2024-11-27T09:37:01.603Z,"42 km ENE of Bacolod, Philippines",earthquake,9.25,5.982,0.074,58,reviewed,us,us
2024-11-27T00:05:38.239Z,-11.3039,-74.9008,113.266,4.6,mb,59,72,2.02,0.52,us,us7000nue0,2024-11-27T02:18:47.040Z,"19 km NW of Mariposa, Peru",earthquake,9.2,5.614,0.05,117,reviewed,us,us
2024-11-26T21:29:47.810Z,-31.1664,-68.5414,104.396,4.6,mb,30,125,0.397,1.14,us,us7000nuc5,2024-11-27T23:49:24.040Z,"29 km N of San Martín, Argentina",earthquake,5.91,5.215,0.244,5,reviewed,us,us
2024-11-26T21:01:48.770Z,49.3507,155.4911,56.648,5.4,mww,119,49,4.01,0.85,us,us7000nuc0,2024-11-27T21:05:22.769Z,"154 km SSW of Severo-Kuril’sk, Russia",earthquake,9.05,4.08,0.075,17,reviewed,us,us
2024-11-26T17:19:47.379Z,37.0257,136.4128,10,4.9,mww,99,57,1.516,0.8,us,us7000nub4,2024-11-26T17:46:04.040Z,"36 km WNW of Hakui, Japan",earthquake,6.01,1.843,0.11,8,reviewed,us,us
2024-11-26T15:34:29.567Z,-12.029,166.5218,138.042,4.5,mb,47,143,3.461,0.81,us,us7000nu9j,2024-11-26T17:56:47.040Z,"164 km SSE of Lata, Solomon Islands",earthquake,11.92,6.168,0.082,44,reviewed,us,us
2024-11-26T14:52:51.879Z,37.0283,136.3743,7.937,4.9,mww,171,35,1.546,0.7,us,us7000nu9d,2024-11-29T16:52:52.040Z,"39 km WNW of Hakui, Japan",earthquake,5.41,3.825,0.086,13,reviewed,us,us
2024-11-26T14:46:47.833Z,-39.0679,174.7945,213.046,4.9,mb,75,40,0.556,0.75,us,us7000nu9b,2024-11-29T16:20:21.152Z,"48 km E of Waitara, New Zealand",earthquake,6.48,4.618,0.073,58,reviewed,us,us
2024-11-26T14:13:50.353Z,36.9141,136.3469,6.766,4.5,mb,43,54,1.537,0.82,us,us7000nu95,2024-11-26T14:35:30.040Z,"39 km W of Hakui, Japan",earthquake,5.81,4.334,0.106,26,reviewed,us,us
2024-11-26T13:47:03.695Z,37.0484,136.3492,10,6.1,mww,276,15,1.571,0.8,us,us7000nu90,2024-11-28T22:27:27.013Z,"42 km WNW of Hakui, Japan",earthquake,6.22,1.72,0.036,73,reviewed,us,us
2024-11-26T13:01:15.110Z,10.0163,126.4195,9.37,4.5,mb,57,104,3.043,0.56,us,us7000nu8w,2024-11-26T15:50:59.040Z,"38 km ENE of Pilar, Philippines",earthquake,8.17,3.606,0.077,56,reviewed,us,us
2024-11-26T12:57:12.019Z,10.0065,126.4571,6.501,4.5,mb,27,104,3.044,0.63,us,us7000nu8v,2024-11-26T13:23:24.040Z,"42 km ENE of Pilar, Philippines",earthquake,6.83,4.61,0.113,23,reviewed,us,us
2024-11-26T12:33:09.199Z,-30.4512,-71.3548,51.195,5.1,mww,47,112,0.328,0.79,us,us7000nu8n,2024-11-26T18:22:07.906Z,"22 km NW of Ovalle, Chile",earthquake,5.31,5.952,0.093,11,reviewed,us,us
2024-11-26T08:03:25.941Z,24.8161,96.1358,10,4.9,mb,46,111,3.765,0.74,us,us7000nu7y,2024-11-26T08:48:35.040Z,"127 km WNW of Bhamo, Myanmar",earthquake,10.02,1.901,0.076,54,reviewed,us,us
2024-11-26T07:55:04.656Z,-2.9292,129.3536,10,5.1,mb,54,61,1.675,0.9,us,us7000nu7t,2024-11-26T08:12:56.040Z,"59 km NE of Masohi, Indonesia",earthquake,4.54,1.85,0.069,68,reviewed,us,us
2024-11-26T04:31:20.443Z,38.659,142.197,35,5.3,mww,91,93,2.3,0.57,us,us7000nu6z,2024-11-27T23:44:03.377Z,"61 km SE of Ōfunato, Japan",earthquake,8.45,1.82,0.063,24,reviewed,us,us
2024-11-26T01:54:44.746Z,-20.6006,-178.6958,604.31,4.8,mb,77,40,4.185,0.73,us,us7000nu6a,2024-11-27T06:20:41.040Z,"Fiji region",earthquake,10.71,4.781,0.04,196,reviewed,us,us
2024-11-25T23:56:28.129Z,13.7815,-92.616,11.23,4.7,mww,56,144,1.742,0.94,us,us7000nu5z,2024-11-26T00:12:28.040Z,"92 km SSW of Ocós, Guatemala",earthquake,7.58,5.749,0.078,16,reviewed,us,us
2024-11-25T19:18:15.936Z,4.4112,126.1971,78.065,4.5,mb,54,106,2.711,1.06,us,us7000nu3k,2024-11-25T20:17:33.040Z,"136 km SE of Sarangani, Philippines",earthquake,9.77,7.683,0.078,48,reviewed,us,us
2024-11-25T18:42:17.251Z,44.318,79.8225,44.479,4.5,mwr,86,41,1.02,0.63,us,us7000nu3e,2024-11-26T00:22:49.897Z,"22 km NW of Zharkent, Kazakhstan",earthquake,6.48,5.758,0.058,29,reviewed,us,us
2024-11-25T15:37:42.620Z,29.3494,141.1387,115.461,5.2,mb,63,150,2.427,1,us,us6000p7l3,2024-11-25T15:53:16.040Z,"Izu Islands, Japan region",earthquake,9.34,8.794,0.065,78,reviewed,us,us
2024-11-25T15:13:28.128Z,-22.1515,-175.5523,164.535,4.7,mb,25,166,6.092,0.66,us,us6000p7ky,2024-11-25T15:28:59.040Z,"108 km SW of ‘Ohonua, Tonga",earthquake,15.87,12.008,0.108,26,reviewed,us,us
2024-11-25T14:10:31.481Z,-14.9619,-172.7169,85.402,4.8,mb,21,135,1.384,0.75,us,us6000p7ks,2024-11-25T15:16:54.044Z,"136 km SSW of Gataivai, Samoa",earthquake,13.52,14.027,0.143,19,reviewed,us,us
2024-11-25T12:13:43.903Z,-17.3467,-178.7404,534.945,4.6,mb,41,51,2.005,0.99,us,us6000p7kh,2024-11-25T13:09:59.040Z,"220 km ENE of Levuka, Fiji",earthquake,12.22,9.345,0.087,39,reviewed,us,us
2024-11-25T08:24:36.850Z,47.5779,-128.8494,10,4.6,mb,172,148,2.632,0.88,us,us6000p7jr,2024-11-29T06:34:24.543Z,"279 km SW of Tofino, Canada",earthquake,7.65,1.9,0.038,214,reviewed,us,us
2024-11-25T06:10:42.215Z,25.8865,128.5103,10,5.1,mb,73,67,0.969,0.63,us,us6000p7j5,2024-11-25T11:49:43.033Z,"80 km SE of Katsuren-haebaru, Japan",earthquake,3.2,1.826,0.077,55,reviewed,us,us
2024-11-25T04:51:31.378Z,6.8013,-73.1268,153.267,4.6,mb,73,50,0.904,0.69,us,us6000p7iv,2024-11-26T21:44:51.085Z,"8 km NNW of Jordán, Colombia",earthquake,7.42,6.874,0.034,256,reviewed,us,us
2024-11-24T23:32:51.734Z,30.9457,141.451,23.985,4.5,mb,32,117,2.571,0.49,us,us6000p7i6,2024-11-24T23:58:26.040Z,"Izu Islands, Japan region",earthquake,8.61,5.266,0.14,15,reviewed,us,us
2024-11-24T18:07:12.547Z,-32.4989,-177.706,10,4.7,mb,25,121,3.232,0.85,us,us6000p7gu,2024-11-24T18:27:48.040Z,"south of the Kermadec Islands",earthquake,3.68,1.885,0.12,21,reviewed,us,us
2024-11-24T14:59:33.060Z,-17.6991,167.3682,10,4.9,mb,17,183,2.245,0.81,us,us6000p7g0,2024-11-24T15:24:42.040Z,"100 km W of Port-Vila, Vanuatu",earthquake,7.13,1.961,0.14,16,reviewed,us,us
2024-11-24T14:19:14.915Z,-22.0292,-179.5178,593.159,4.6,mb,51,112,4.836,0.73,us,us6000p7fw,2024-11-24T14:43:19.040Z,"south of the Fiji Islands",earthquake,15.61,8.581,0.07,62,reviewed,us,us
2024-11-24T12:57:18.645Z,-22.4115,-68.4374,114.168,4.8,mww,43,65,0.588,1.05,us,us6000p7fm,2024-11-24T13:10:01.040Z,"50 km E of Calama, Chile",earthquake,7.1,5.569,0.083,14,reviewed,us,us
2024-11-24T11:06:32.651Z,40.985,142.8361,43.394,4.5,mb,105,167,1.057,0.54,us,us6000p7f7,2024-11-24T13:40:32.040Z,"125 km ENE of Hachinohe, Japan",earthquake,8.26,8.452,0.058,87,reviewed,us,us
2024-11-24T07:58:36.396Z,-11.2678,34.751,10,5,mb,44,49,7.529,0.79,us,us6000p7ec,2024-11-26T09:06:39.520Z,"2 km NW of Mbamba Bay, Tanzania",earthquake,6.73,1.62,0.098,33,reviewed,us,us
2024-11-24T01:36:44.092Z,-7.5928,127.8447,170.601,4.9,mb,39,42,3.674,0.75,us,us6000p7cq,2024-11-24T02:10:19.040Z,"138 km NE of Lospalos, Timor Leste",earthquake,10.08,6.263,0.106,29,reviewed,us,us
2024-11-24T01:08:03.465Z,-23.3857,-114.9926,10,5,mb,38,80,41.634,0.59,us,us6000p7cn,2024-11-24T01:37:21.040Z,"Easter Island region",earthquake,13.81,1.847,0.068,70,reviewed,us,us
2024-11-24T00:30:25.294Z,-15.5777,167.8325,159.222,4.5,mb,26,130,0.62,0.77,us,us6000p7c9,2024-11-28T00:23:26.040Z,"71 km NE of Norsup, Vanuatu",earthquake,13.4,6.931,0.124,19,reviewed,us,us
2024-11-23T23:55:55.293Z,-55.4557,158.3179,10,5.1,mb,29,96,1.025,0.73,us,us6000p7c2,2024-11-24T00:12:00.040Z,"Macquarie Island region",earthquake,9.1,1.825,0.119,23,reviewed,us,us
2024-11-23T23:22:30.344Z,40.194,142.4938,45.666,5.1,mb,107,135,1.242,0.96,us,us6000p7bu,2024-11-24T01:37:35.514Z,"58 km E of Noda, Japan",earthquake,6.14,6.769,0.037,238,reviewed,us,us
2024-11-23T19:24:29.734Z,5.4709,126.9803,89.931,4.6,mb,62,109,2.112,1.03,us,us6000p7at,2024-11-24T02:46:59.040Z,"132 km SE of Pondaguitan, Philippines",earthquake,9.19,7.689,0.069,64,reviewed,us,us
2024-11-23T19:04:30.386Z,-17.8999,-178.4392,592.038,5.9,mww,43,97,2.527,0.92,us,us6000p7aq,2024-11-24T19:07:23.960Z,"238 km E of Levuka, Fiji",earthquake,12.43,9.613,0.056,31,reviewed,us,us
2024-11-23T14:43:18.148Z,-4.1388,143.022,78.567,4.9,mb,28,54,4.811,0.5,us,us6000p79h,2024-11-23T15:00:09.040Z,"24 km ENE of Ambunti, Papua New Guinea",earthquake,6.06,9.978,0.058,93,reviewed,us,us
2024-11-23T14:13:25.110Z,-28.5718,-176.6536,10,4.7,mb,24,76,1.304,1.16,us,us6000p79b,2024-11-23T14:38:41.040Z,"Kermadec Islands region",earthquake,9.96,1.909,0.123,24,reviewed,us,us
2024-11-23T12:07:57.775Z,-2.9518,145.8612,10,4.8,mb,17,109,1.754,0.56,us,us6000p78s,2024-11-23T12:27:44.040Z,"186 km WSW of Lorengau, Papua New Guinea",earthquake,6,1.894,0.143,15,reviewed,us,us
2024-11-23T11:31:39.371Z,-0.084,130.0911,10,4.5,mb,31,68,2.854,0.78,us,us6000p78n,2024-11-23T11:52:39.040Z,"49 km WNW of Waisai, Indonesia",earthquake,8.88,1.881,0.109,25,reviewed,us,us
2024-11-23T10:47:50.871Z,-2.8095,145.7107,10,5.2,mb,47,41,1.821,0.78,us,us6000p78j,2024-11-23T11:04:04.040Z,"193 km WSW of Lorengau, Papua New Guinea",earthquake,6.46,1.648,0.097,35,reviewed,us,us
2024-11-23T10:25:35.435Z,-2.8464,145.6761,10,5.1,mb,41,42,1.867,0.53,us,us6000p78e,2024-11-23T10:42:59.040Z,"198 km WSW of Lorengau, Papua New Guinea",earthquake,4.87,1.84,0.082,48,reviewed,us,us
2024-11-23T08:33:03.407Z,39.2956,71.7909,10,5.4,mb,111,34,0.182,0.82,us,usd00125in,2024-11-27T20:35:56.501Z,"23 km ENE of Karakenja, Tajikistan",earthquake,6.46,1.762,0.034,296,reviewed,us,us
2024-11-23T04:58:52.448Z,2.2341,128.1056,167.834,4.6,mb,20,170,1.63,0.63,us,us6000p76u,2024-11-23T05:15:42.040Z,"56 km N of Tobelo, Indonesia",earthquake,12.86,9.57,0.151,14,reviewed,us,us
2024-11-22T15:22:03.408Z,-0.0324,123.9096,104.932,4.8,mb,32,61,1.517,0.75,us,us6000p6zn,2024-11-22T16:11:32.040Z,"79 km SW of Modisi, Indonesia",earthquake,6.74,7.994,0.121,21,reviewed,us,us
2024-11-22T14:25:46.464Z,46.5671,153.065,53.074,4.6,mb,34,180,7.089,0.74,us,us6000p6zh,2024-11-22T15:17:21.040Z,"Kuril Islands",earthquake,11.99,9.128,0.08,47,reviewed,us,us
2024-11-22T12:40:19.227Z,23.1676,120.2267,10,4.9,mwr,70,36,0.393,0.72,us,us6000p6ze,2024-11-23T14:59:34.643Z,"16 km N of Yongkang, Taiwan",earthquake,1.93,1.833,0.068,21,reviewed,us,us
2024-11-22T11:25:19.811Z,-53.0777,19.6611,10,5,mb,32,60,20.703,0.54,us,us6000p6z5,2024-11-22T12:05:21.040Z,"southwest of Africa",earthquake,11.64,1.881,0.105,29,reviewed,us,us
2024-11-22T11:07:50.319Z,-41.4036,-85.4551,10,4.8,mb,31,146,9.271,0.43,us,us6000p6z0,2024-11-22T11:41:59.040Z,"West Chile Rise",earthquake,12.92,1.909,0.07,64,reviewed,us,us
2024-11-22T11:04:58.342Z,-40.3938,-85.3793,10,4.7,mb,45,111,8.531,0.41,us,us6000p6z4,2024-11-25T08:20:03.040Z,"West Chile Rise",earthquake,11.3,1.903,0.108,26,reviewed,us,us
2024-11-22T09:29:48.621Z,36.3856,26.846,121.172,4.6,mb,136,109,1.044,0.81,us,us6000p6yq,2024-11-22T12:10:53.040Z,"35 km SW of Mandráki, Greece",earthquake,6.94,7.249,0.064,73,reviewed,us,us
2024-11-22T09:24:10.830Z,-10.1898,-75.5446,10,4.7,mb,70,105,2.194,0.5,us,us6000p6yn,2024-11-23T09:00:20.107Z,"45 km NNW of Oxapampa, Peru",earthquake,6.86,1.874,0.056,96,reviewed,us,us
2024-11-22T08:31:06.041Z,0.4966,126.6325,57.852,4.5,mb,40,51,0.783,0.67,us,us6000p6yg,2024-11-22T13:44:09.040Z,"89 km WSW of Ternate, Indonesia",earthquake,7.96,8.264,0.099,30,reviewed,us,us
2024-11-22T07:51:06.027Z,2.6393,128.2565,73.851,5.2,mb,77,35,2.057,1.08,us,us6000p6y6,2024-11-22T08:28:59.040Z,"104 km NNE of Tobelo, Indonesia",earthquake,7.84,6.625,0.041,191,reviewed,us,us
2024-11-22T05:43:31.338Z,26.2532,124.9733,7.24,4.5,mb,33,91,1.982,0.92,us,us6000p6xu,2024-11-22T13:58:42.137Z,"163 km NNW of Hirara, Japan",earthquake,8.03,5.764,0.135,16,reviewed,us,us
2024-11-22T03:44:40.631Z,6.9028,126.5858,106.481,4.6,mb,36,117,1.013,0.6,us,us6000p6xc,2024-11-22T04:06:17.040Z,"21 km ESE of Lukatan, Philippines",earthquake,10.75,7.202,0.109,27,reviewed,us,us
2024-11-22T02:30:27.754Z,-17.5487,-69.4762,164.87,4.9,mb,71,81,0.041,1.21,us,us6000p6x2,2024-11-22T02:51:01.040Z,"57 km ENE of Palca, Peru",earthquake,7.49,5.978,0.052,116,reviewed,us,us
2024-11-22T02:03:20.704Z,-33.146,-179.0593,56.572,4.6,mb,21,113,3.993,0.84,us,us6000p6wz,2024-11-22T21:52:15.040Z,"south of the Kermadec Islands",earthquake,10.03,6.464,0.141,15,reviewed,us,us
2024-11-21T22:07:58.774Z,-58.9494,-25.6457,48.96,4.9,mb,62,76,19.675,0.53,us,us6000p6vm,2024-11-26T20:32:31.040Z,"South Sandwich Islands region",earthquake,12.71,5.463,0.089,40,reviewed,us,us
2024-11-21T19:30:05.593Z,-7.9474,122.9762,234.394,4.6,mb,62,44,1.001,0.67,us,us6000p6u5,2024-11-21T19:50:43.040Z,"112 km NE of Maumere, Indonesia",earthquake,9.24,6.087,0.065,70,reviewed,us,us
2024-11-21T17:28:22.870Z,31.7853,131.5415,48.007,4.8,mb,69,99,0.969,0.99,us,us6000p6tl,2024-11-21T17:55:11.040Z,"18 km SE of Miyazaki, Japan",earthquake,6.66,7.892,0.063,77,reviewed,us,us
2024-11-21T15:39:52.516Z,11.7214,144.1875,39.455,5.2,mww,59,112,1.972,0.82,us,us6000p6s7,2024-12-05T15:50:04.146Z,"178 km SSW of Merizo Village, Guam",earthquake,9.2,6.88,0.139,5,reviewed,us,us
2024-11-21T15:18:43.530Z,-19.5014,-176.9211,337.758,4.8,mb,35,106,4.636,0.75,us,us6000p6s1,2024-11-21T15:32:02.040Z,"250 km NW of Houma, Tonga",earthquake,11.46,9.296,0.079,50,reviewed,us,us
2024-11-21T14:30:23.458Z,41.0658,141.1803,55.791,4.6,mb,23,123,1.761,0.98,us,us6000p6ru,2024-11-21T17:16:39.040Z,"6 km WSW of Yokohama, Japan",earthquake,6.02,8.777,0.164,11,reviewed,us,us
2024-11-21T14:17:34.590Z,13.5993,145.3388,84.767,4.7,mb,33,63,0.458,0.76,us,us6000p6rp,2024-11-21T14:34:28.166Z,"49 km E of Yigo Village, Guam",earthquake,9.06,6.657,0.07,62,reviewed,us,us
2024-11-21T12:12:52.524Z,-2.3328,138.9801,30.152,5.2,mb,54,61,6.749,0.69,us,us6000p6r8,2024-11-21T12:32:11.040Z,"186 km W of Abepura, Indonesia",earthquake,8.8,5.593,0.092,39,reviewed,us,us
2024-11-21T11:19:21.411Z,-22.1029,-179.4158,584.867,4.8,mb,37,111,4.946,1.17,us,us6000p6r5,2024-11-21T11:37:52.040Z,"south of the Fiji Islands",earthquake,12.89,8.519,0.084,44,reviewed,us,us
2024-11-21T10:56:35.930Z,-0.0969,124.2105,10,4.5,mb,29,50,1.718,1.07,us,us6000p6r3,2024-11-29T11:39:54.040Z,"65 km SSW of Modisi, Indonesia",earthquake,6.59,1.898,0.118,21,reviewed,us,us
2024-11-21T09:45:47.975Z,-16.2986,-176.3207,378.468,4.5,mb,40,70,2.633,0.67,us,us6000p6qw,2024-11-29T11:14:11.040Z,"272 km W of Hihifo, Tonga",earthquake,10.98,10.504,0.096,32,reviewed,us,us
2024-11-21T04:59:15.419Z,29.3143,51.2955,10,4.9,mb,82,70,6.169,0.73,us,us6000p6pu,2024-11-21T06:06:35.959Z,"8 km ENE of Borāzjān, Iran",earthquake,9.17,1.866,0.061,84,reviewed,us,us
2024-11-21T02:23:43.515Z,8.0301,-82.8772,10,4.8,mww,53,87,1.277,1.35,us,us6000p6p4,2024-11-21T13:36:38.259Z,"1 km WSW of Burica, Panama",earthquake,6.14,1.905,0.066,22,reviewed,us,us
2024-11-21T01:42:20.342Z,79.5933,1.4612,10,4.5,mb,30,102,2.078,1.05,us,us6000p6p1,2024-11-21T23:22:45.040Z,"Greenland Sea",earthquake,11.03,1.922,0.106,26,reviewed,us,us
2024-11-20T18:44:16.250Z,-17.2155,-174.3371,199.815,5.1,mww,91,79,4.107,0.74,us,us6000p6m3,2024-11-20T19:10:10.040Z,"151 km SSW of Hihifo, Tonga",earthquake,7.91,5.306,0.089,12,reviewed,us,us
2024-11-20T15:09:02.466Z,46.4348,136.1263,407.432,5.1,mb,130,23,3.676,0.73,us,us6000p6j0,2024-11-20T15:27:34.040Z,"23 km E of Vostok, Russia",earthquake,4.54,6.829,0.023,595,reviewed,us,us
2024-11-20T14:55:41.549Z,18.1931,145.4743,281.813,4.9,mb,122,51,2.958,0.71,us,us6000p6iz,2024-11-20T15:10:54.040Z,"Pagan region, Northern Mariana Islands",earthquake,8.91,6.777,0.042,181,reviewed,us,us
2024-11-20T14:51:16.197Z,-18.9625,169.2891,217.04,4.6,mb,47,97,4.02,0.71,us,us6000p6ix,2024-11-22T09:55:44.040Z,"64 km N of Isangel, Vanuatu",earthquake,8.82,7.386,0.081,45,reviewed,us,us
2024-11-20T14:43:53.464Z,79.8131,1.4922,14.426,5.7,mww,149,42,11.925,0.78,us,us6000p6iv,2024-11-21T14:49:00.470Z,"Greenland Sea",earthquake,9.3,4.495,0.049,40,reviewed,us,us
2024-11-20T10:42:57.906Z,-20.7276,-176.2713,227.659,5.5,mww,121,52,5.911,0.71,us,us6000p6id,2024-11-21T10:45:54.773Z,"112 km WNW of Houma, Tonga",earthquake,11.52,4.814,0.05,38,reviewed,us,us
2024-11-20T09:26:28.993Z,-12.1247,165.7385,10,5.3,mww,45,66,3.596,1.18,us,us6000p6i8,2024-11-20T09:44:35.040Z,"154 km S of Lata, Solomon Islands",earthquake,9.47,1.888,0.078,16,reviewed,us,us
2024-11-20T08:09:50.429Z,38.0297,141.8606,63.243,4.9,mb,66,121,2.824,0.76,us,us6000p6i0,2024-11-20T08:38:12.040Z,"58 km SE of Onagawa Chō, Japan",earthquake,8.22,2.94,0.045,159,reviewed,us,us
2024-11-20T06:40:15.634Z,41.0522,140.9842,10,4.9,mww,93,93,0.269,0.62,us,us6000p6hv,2024-11-20T08:15:33.439Z,"14 km N of Hiranai, Japan",earthquake,6.72,1.843,0.078,16,reviewed,us,us
2024-11-20T04:31:21.403Z,3.1857,-83.3348,10,4.6,mb,16,199,5.692,0.47,us,us6000p6he,2024-11-25T06:10:25.040Z,"off the coast of Central America",earthquake,8.31,1.987,0.314,3,reviewed,us,us
2024-11-20T04:21:33.100Z,12.4768,93.1336,74.037,4.7,mb,24,136,6.129,0.57,us,us7000nw5n,2024-12-06T00:33:22.040Z,"97 km NNE of Bamboo Flat, India",earthquake,13.7,8.209,0.126,19,reviewed,us,us
2024-11-20T04:06:52.201Z,-57.2773,-25.3447,10,4.6,mb,33,184,6.963,0.44,us,us6000p6h8,2024-12-05T23:10:49.040Z,"South Sandwich Islands region",earthquake,14.47,1.951,0.098,31,reviewed,us,us
2024-11-20T04:03:44.886Z,-57.3521,-7.8776,10,4.8,mb,26,112,14.53,0.72,us,us6000p6h7,2024-12-05T23:05:56.040Z,"east of the South Sandwich Islands",earthquake,14.25,1.942,0.107,27,reviewed,us,us
2024-11-20T02:55:34.487Z,-52.4339,16.4074,10,4.5,mb,13,96,20.295,0.59,us,us7000nw5u,2024-12-05T22:14:01.040Z,"southwest of Africa",earthquake,15.43,1.923,0.156,12,reviewed,us,us
2024-11-20T01:40:56.557Z,44.6988,150.1011,10,4.7,mb,52,136,5.41,0.53,us,us6000p6gu,2024-12-05T21:44:29.040Z,"184 km ESE of Kuril’sk, Russia",earthquake,10.3,1.904,0.096,33,reviewed,us,us
2024-11-19T20:50:44.004Z,-8.8596,122.0517,105.558,4.6,mb,50,40,0.288,1.05,us,us6000p6f9,2024-11-19T21:13:00.040Z,"31 km SSW of Maumere, Indonesia",earthquake,8.17,5.176,0.083,43,reviewed,us,us
2024-11-19T18:36:11.555Z,34.08,138.3777,248.76,5,mww,118,42,1.537,0.67,us,us6000p6ev,2024-11-20T07:39:33.892Z,"59 km SSE of Ōyama, Japan",earthquake,7.38,6.105,0.075,17,reviewed,us,us
2024-11-19T14:56:40.359Z,14.5056,-90.8063,176.531,4.7,mb,83,151,0.3,0.63,us,us7000nsm9,2024-11-19T20:31:34.040Z,"2 km SSW of San Miguel Dueñas, Guatemala",earthquake,7.25,6.183,0.049,128,reviewed,us,us
2024-11-19T12:28:14.783Z,-8.0346,107.3173,49.612,4.6,mb,38,48,0.657,0.73,us,us7000nslw,2024-11-19T14:39:31.040Z,"93 km S of Banjar, Indonesia",earthquake,7.03,6.973,0.093,34,reviewed,us,us
2024-11-19T12:23:22.989Z,25.6437,142.5186,10,4.6,mb,42,145,1.477,0.82,us,us7000nslv,2024-11-19T13:11:22.040Z,"Volcano Islands, Japan region",earthquake,10.7,1.922,0.098,31,reviewed,us,us
2024-11-19T08:34:01.837Z,6.0785,126.14,98.377,5,mww,92,43,1.131,1.25,us,us7000nskr,2024-11-19T15:30:31.389Z,"31 km S of Pondaguitan, Philippines",earthquake,6.61,5.359,0.071,19,reviewed,us,us
2024-11-19T03:11:16.984Z,-4.5104,153.4347,118.281,4.5,mb,30,155,1.419,0.53,us,us7000nsk0,2024-12-05T05:07:33.040Z,"130 km E of Kokopo, Papua New Guinea",earthquake,10.6,6.793,0.115,22,reviewed,us,us
2024-11-19T02:41:52.129Z,-21.0936,-175.7545,8,5.6,mww,69,61,5.832,0.8,us,us7000nsjt,2024-12-05T04:59:15.672Z,"47 km W of Houma, Tonga",earthquake,10.69,1.789,0.068,21,reviewed,us,us
2024-11-19T01:22:48.371Z,-22.9391,-176.9154,10,4.5,mb,29,124,6.345,0.79,us,us7000nvxd,2024-12-05T04:46:51.040Z,"257 km SW of Houma, Tonga",earthquake,13.03,1.885,0.144,14,reviewed,us,us
2024-11-19T01:07:10.532Z,31.9266,140.8768,54.639,4.7,mb,51,114,1.487,0.45,us,us7000nsjm,2024-12-05T04:08:05.040Z,"Izu Islands, Japan region",earthquake,8.75,7.445,0.092,36,reviewed,us,us
2024-11-18T21:42:16.829Z,18.4667,145.7664,210.889,4.5,mb,62,99,3.215,0.61,us,us7000nsib,2024-11-18T23:00:13.040Z,"Pagan region, Northern Mariana Islands",earthquake,10.43,7.622,0.063,75,reviewed,us,us
2024-11-18T20:50:31.177Z,17.6053,119.5395,10,4.7,mb,72,117,5.757,0.95,us,us7000nshu,2024-11-18T21:40:12.040Z,"87 km W of Cabittaogan, Philippines",earthquake,11.41,1.901,0.066,69,reviewed,us,us
2024-11-18T17:59:40.775Z,-12.01,165.9981,10,4.7,mb,26,156,6.471,0.4,us,us7000nsh0,2024-11-18T18:27:51.040Z,"143 km S of Lata, Solomon Islands",earthquake,11.68,1.913,0.126,19,reviewed,us,us
2024-11-18T13:04:46.507Z,-16.7772,-72.6551,48.634,4.6,mb,59,137,2.717,0.88,us,us7000nsf4,2024-12-04T18:43:38.556Z,"17 km SSE of Camaná, Peru",earthquake,4.49,8.037,0.089,38,reviewed,us,us
2024-11-18T07:25:11.488Z,25.1481,142.6387,10,4.6,mb,48,130,1.982,0.38,us,us7000nsdb,2024-11-18T09:56:42.040Z,"Volcano Islands, Japan region",earthquake,11.12,1.69,0.091,36,reviewed,us,us
2024-11-18T07:06:27.135Z,29.8289,92.1085,10,4.5,mb,48,106,0.862,0.32,us,us7000nsei,2024-11-18T15:18:43.040Z,"99 km E of Lhasa, China",earthquake,7.2,1.892,0.089,37,reviewed,us,us
2024-11-18T07:01:59.172Z,29.9378,92.2411,10,4.7,mb,92,80,6.466,0.59,us,us7000nsd6,2024-11-18T08:09:41.040Z,"114 km ENE of Lhasa, China",earthquake,8.15,1.863,0.064,77,reviewed,us,us
2024-11-18T06:06:54.953Z,40.3573,83.3324,10,4.7,mb,23,135,4.131,0.49,us,us7000nsd4,2024-11-18T14:24:44.040Z,"154 km SSE of Kuqa, China",earthquake,10.8,1.935,0.138,16,reviewed,us,us
2024-11-18T05:24:16.655Z,-56.5196,147.2637,10,4.9,mb,41,49,13.624,0.83,us,us7000nscz,2024-11-18T05:52:02.040Z,"west of Macquarie Island",earthquake,12.69,1.853,0.104,29,reviewed,us,us
2024-11-18T04:57:10.931Z,-34.5248,55.117,10,4.9,mb,27,73,16.962,0.67,us,us7000nscv,2024-12-05T03:26:52.040Z,"Southwest Indian Ridge",earthquake,10.79,1.897,0.12,22,reviewed,us,us
2024-11-18T03:35:32.731Z,20.7445,121.9357,9.922,5.2,mb,62,144,2.211,0.8,us,us7000nscj,2024-12-05T03:08:43.629Z,"32 km N of Basco, Philippines",earthquake,10.5,7.015,0.049,139,reviewed,us,us
2024-11-18T02:18:49.800Z,15.0612,147.1619,10,5.1,mb,57,82,1.334,0.75,us,us7000nsce,2024-12-05T02:21:18.040Z,"152 km E of Saipan, Northern Mariana Islands",earthquake,8.38,1.822,0.068,70,reviewed,us,us
2024-11-18T00:00:44.709Z,-12.7645,-14.4618,10,5,mb,65,58,4.802,1.14,us,us7000nsc0,2024-11-18T15:26:17.714Z,"southern Mid-Atlantic Ridge",earthquake,9.64,1.868,0.065,75,reviewed,us,us
2024-11-17T23:16:14.125Z,-12.826,-14.7059,10,5.1,mb,47,67,22.027,1.26,us,us7000nsbw,2024-11-17T23:34:46.040Z,"southern Mid-Atlantic Ridge",earthquake,11.96,1.871,0.084,46,reviewed,us,us
2024-11-17T23:05:55.254Z,-12.7931,-14.9899,10,5,mb,60,57,9.493,0.79,us,us7000nsbu,2024-11-17T23:23:46.040Z,"southern Mid-Atlantic Ridge",earthquake,9.56,1.846,0.074,58,reviewed,us,us
2024-11-17T23:01:10.875Z,-1.755,139.447,10,4.8,mb,31,42,1.464,0.6,us,us7000nsbt,2024-11-17T23:17:26.040Z,"161 km NW of Abepura, Indonesia",earthquake,4.61,1.873,0.134,17,reviewed,us,us
2024-11-17T20:45:07.237Z,37.2211,68.8368,10,4.5,mb,71,57,1.07,0.76,us,us7000nsbe,2024-12-06T17:37:32.045Z,"5 km E of Qarāwul, Afghanistan",earthquake,4.39,1.855,0.067,66,reviewed,us,us
2024-11-17T18:55:37.688Z,-4.7722,153.282,69.305,5.2,mww,72,100,1.256,0.87,us,us7000nsaz,2024-11-17T20:03:12.522Z,"122 km ESE of Kokopo, Papua New Guinea",earthquake,8.79,6.559,0.08,15,reviewed,us,us
2024-11-17T18:39:54.444Z,3.2614,88.6924,10,4.5,mb,29,65,8.46,0.65,us,us7000nvp4,2024-12-06T19:40:17.040Z,"North Indian Ocean",earthquake,6.55,1.734,0.121,20,reviewed,us,us
2024-11-17T18:37:06.459Z,-16.1728,-172.7964,10,4.5,mb,23,84,2.455,0.5,us,us7000nvp2,2024-12-06T19:17:02.040Z,"109 km ESE of Hihifo, Tonga",earthquake,8.47,1.874,0.156,12,reviewed,us,us
2024-11-17T17:23:51.552Z,21.3822,143.7554,10,4.5,mb,44,120,5.866,0.58,us,us7000nvp0,2024-12-06T17:50:24.040Z,"Mariana Islands region",earthquake,11.03,1.891,0.097,31,reviewed,us,us
2024-11-17T14:14:02.477Z,-24.2733,179.8846,508.147,4.8,mb,49,84,5.323,0.9,us,us7000nsac,2024-11-17T14:32:03.040Z,"south of the Fiji Islands",earthquake,12.69,8.306,0.053,110,reviewed,us,us
2024-11-17T12:16:29.918Z,29.0501,131.3955,8,6.1,mww,130,32,2.583,0.91,us,us7000nsa3,2024-11-18T12:27:00.670Z,"155 km SSE of Koshima, Japan",earthquake,3.1,1.823,0.041,56,reviewed,us,us
2024-11-17T04:26:44.997Z,0.7206,126.0453,50.65,4.9,mb,44,60,1.322,1.01,us,us7000ns8i,2024-11-17T04:45:59.040Z,"129 km SE of Bitung, Indonesia",earthquake,8.21,7.932,0.081,50,reviewed,us,us
2024-11-17T04:14:37.923Z,-24.2382,-179.9814,510.613,4.5,mb,42,77,5.313,1.14,us,us7000ns8g,2024-11-17T04:31:09.040Z,"south of the Fiji Islands",earthquake,13.5,8.652,0.078,51,reviewed,us,us
2024-11-16T18:35:16.877Z,-0.131,99.5415,93.979,4.5,mb,44,125,4.709,0.74,us,us7000ns6v,2024-11-19T20:09:40.040Z,"84 km NW of Pariaman, Indonesia",earthquake,7.69,7.432,0.096,35,reviewed,us,us
2024-11-16T18:27:44.022Z,-4.4992,153.4222,123.126,4.5,mb,68,54,1.292,0.49,us,us7000ns6t,2024-11-19T19:54:25.040Z,"129 km E of Kokopo, Papua New Guinea",earthquake,9.7,6.463,0.07,68,reviewed,us,us
2024-11-16T16:39:14.943Z,-17.5694,-178.8863,537.193,4.5,mb,52,71,1.99,0.99,us,us7000ns6k,2024-11-16T16:54:17.040Z,"198 km ENE of Levuka, Fiji",earthquake,12.74,8.337,0.04,185,reviewed,us,us
2024-11-16T15:44:02.415Z,-14.8455,167.2514,154.698,4.9,mb,86,54,6.338,0.58,us,us7000ns6f,2024-11-19T17:12:26.040Z,"29 km NE of Port-Olry, Vanuatu",earthquake,9.74,7.284,0.063,82,reviewed,us,us
2024-11-16T15:28:41.698Z,1.4835,98.3557,99.104,4.9,mb,122,43,3.977,0.79,us,us7000ns6d,2024-11-19T17:12:12.040Z,"55 km WSW of Sibolga, Indonesia",earthquake,8.02,6.551,0.055,111,reviewed,us,us
2024-11-16T14:15:52.519Z,-23.1842,-67.9562,145.462,4.5,mb,28,116,0.309,1,us,us7000ns64,2024-11-16T15:26:48.040Z,"39 km SE of San Pedro de Atacama, Chile",earthquake,8.61,10.442,0.192,8,reviewed,us,us
2024-11-16T13:47:36.626Z,53.208,159.7802,60.216,5.1,mb,88,77,0.706,0.92,us,us7000ns62,2024-11-16T14:33:50.313Z,"78 km ENE of Petropavlovsk-Kamchatsky, Russia",earthquake,9.24,6.26,0.031,334,reviewed,us,us
2024-11-16T12:22:17.410Z,41.0392,141.0132,9.94,5,mb,79,92,0.252,0.45,us,us7000ns5p,2024-12-06T10:13:55.342Z,"14 km NNE of Hiranai, Japan",earthquake,6.83,4.243,0.031,335,reviewed,us,us
2024-11-16T11:58:32.568Z,-5.3391,151.4016,93.831,4.9,mb,50,62,1.37,0.86,us,us7000ns5m,2024-12-06T09:49:51.699Z,"142 km E of Kimbe, Papua New Guinea",earthquake,8.32,7.175,0.081,48,reviewed,us,us
2024-11-16T09:50:16.497Z,17.7545,-61.5279,29.485,4.8,mb,62,56,0.26,0.59,us,us7000ns58,2024-11-16T10:13:06.040Z,"33 km ENE of Codrington, Antigua and Barbuda",earthquake,6.71,5.019,0.051,119,reviewed,us,us
2024-11-16T09:48:47.377Z,17.7879,-61.4586,24.187,4.5,mb,50,89,0.333,0.5,us,us7000ns57,2024-12-05T13:11:02.040Z,"42 km ENE of Codrington, Antigua and Barbuda",earthquake,5.58,5.6,0.089,37,reviewed,us,us
2024-11-16T08:22:26.471Z,-12.1604,166.651,119.062,5.4,mww,159,44,3.311,0.58,us,us7000ns4s,2024-12-05T08:24:06.746Z,"184 km SSE of Lata, Solomon Islands",earthquake,7.46,6.404,0.066,22,reviewed,us,us
2024-11-16T07:25:57.285Z,-55.9341,-26.4893,10,4.6,mb,17,79,5.972,0.96,us,us7000nvh5,2024-12-05T07:58:56.040Z,"South Sandwich Islands region",earthquake,13.11,1.93,0.141,16,reviewed,us,us
2024-11-16T07:03:06.237Z,14.2335,-93.0891,10,4.9,mww,139,168,1.607,0.71,us,us7000ns4l,2024-12-05T07:56:08.040Z,"89 km SW of Puerto Madero, Mexico",earthquake,7.03,1.935,0.051,37,reviewed,us,us
2024-11-16T03:51:18.136Z,-19.0652,-177.6121,535.155,4.6,mb,32,133,3.859,0.76,us,us7000ns3y,2024-11-16T04:15:10.040Z,"Fiji region",earthquake,15.74,10.026,0.122,22,reviewed,us,us
2024-11-16T02:17:09.474Z,-15.2823,-13.2696,10,5.2,mb,53,66,7.28,0.7,us,us7000ns3m,2024-11-16T02:36:28.040Z,"southern Mid-Atlantic Ridge",earthquake,11.39,1.867,0.073,61,reviewed,us,us
2024-11-15T23:05:39.762Z,-19.1981,-173.5631,118.909,4.9,mb,29,93,3.439,0.87,us,us7000ns3a,2024-11-15T23:25:21.040Z,"74 km SE of Neiafu, Tonga",earthquake,11.95,11.191,0.125,20,reviewed,us,us
2024-11-15T21:11:50.702Z,17.788,-61.4744,33.348,4.9,mb,54,93,1.306,0.83,us,us7000ns2h,2024-11-15T22:37:51.118Z,"40 km ENE of Codrington, Antigua and Barbuda",earthquake,7.12,4.799,0.043,174,reviewed,us,us
2024-11-15T18:03:43.767Z,-4.5193,153.4229,118.965,4.6,mb,84,100,1.297,0.74,us,us7000ns1x,2024-11-15T20:18:25.040Z,"New Ireland region, Papua New Guinea",earthquake,10.17,6.427,0.064,81,reviewed,us,us
2024-11-15T17:58:51.061Z,35.8055,140.8077,49.185,4.7,mww,164,81,2.227,0.74,us,us7000ns1s,2024-11-19T15:49:28.040Z,"8 km NNW of Hasaki, Japan",earthquake,6.78,5.282,0.103,9,reviewed,us,us
2024-11-15T17:57:25.233Z,-4.5154,153.3365,120.276,4.5,mb,74,122,1.213,0.69,us,us7000ns1t,2024-11-15T19:55:32.040Z,"120 km E of Kokopo, Papua New Guinea",earthquake,10.04,6.448,0.069,70,reviewed,us,us
2024-11-15T15:41:05.165Z,36.0888,141.0001,48.089,4.5,mb,31,138,2.303,0.54,us,us7000ns09,2024-11-15T16:17:51.040Z,"34 km ENE of Kashima-shi, Japan",earthquake,10.73,8.747,0.118,21,reviewed,us,us
2024-11-15T15:27:42.267Z,4.7235,125.4144,83.755,4.5,mb,21,117,2.336,0.73,us,us7000nrzu,2024-11-15T16:51:42.040Z,"75 km S of Sarangani, Philippines",earthquake,11.25,9.385,0.127,18,reviewed,us,us
2024-11-15T14:05:26.399Z,-23.3745,170.6672,18.329,4.8,mb,34,161,3.063,0.89,us,us7000nrz2,2024-11-15T14:56:32.040Z,"southeast of the Loyalty Islands",earthquake,10.73,4.859,0.107,29,reviewed,us,us
2024-11-15T11:38:19.511Z,-23.5887,170.239,10,5,mb,27,96,2.748,0.75,us,us7000nryk,2024-11-15T13:13:01.040Z,"298 km ESE of Vao, New Caledonia",earthquake,11.57,1.872,0.126,20,reviewed,us,us
2024-11-15T11:34:48.614Z,-6.3131,129.8028,12.088,4.5,mb,19,96,1.782,1.17,us,us7000nryj,2024-11-16T12:12:42.040Z,"Banda Sea",earthquake,6.94,2.805,0.132,17,reviewed,us,us
2024-11-15T10:51:26.058Z,-5.6417,151.4814,54.915,4.5,mb,60,45,1.593,0.56,us,us7000nryh,2024-11-15T13:28:19.040Z,"149 km E of Kimbe, Papua New Guinea",earthquake,9.44,7.214,0.078,49,reviewed,us,us
2024-11-15T10:41:05.732Z,-61.5218,153.9433,10,5.5,mww,28,113,7.524,0.31,us,us7000nryg,2024-11-16T10:44:36.940Z,"Balleny Islands region",earthquake,9.88,1.702,0.068,21,reviewed,us,us
2024-11-15T09:02:01.933Z,40.9999,40.8811,10,4.5,mwr,100,34,1.024,0.5,us,us7000nry6,2024-11-15T21:58:10.910Z,"4 km SSW of Nurluca, Turkey",earthquake,4.65,1.842,0.058,29,reviewed,us,us
2024-11-15T08:41:47.013Z,-19.3958,-172.9908,10,5.4,mb,53,71,2.912,1.13,us,us7000nry3,2024-12-05T12:44:20.327Z,"133 km SE of Neiafu, Tonga",earthquake,6.03,1.866,0.082,51,reviewed,us,us
2024-11-15T07:46:21.184Z,38,37.6336,10,4.9,mb,62,67,0.582,0.68,us,us7000nrxw,2024-12-05T09:47:41.482Z,"17 km ENE of Nurhak, Turkey",earthquake,4.78,1.879,0.071,63,reviewed,us,us
2024-11-15T07:45:09.642Z,-5.6835,152.025,48.263,4.6,mb,33,131,1.489,0.98,us,us7000nrxx,2024-12-05T10:28:25.040Z,"150 km S of Kokopo, Papua New Guinea",earthquake,8.99,4.098,0.114,23,reviewed,us,us
2024-11-15T07:29:20.437Z,-5.8798,147.4761,88.534,4.8,mb,47,52,3.516,0.82,us,us7000nrxu,2024-12-05T09:20:26.040Z,"85 km NNW of Finschhafen, Papua New Guinea",earthquake,7.17,8.161,0.089,39,reviewed,us,us
2024-11-15T05:28:30.644Z,-4.7395,153.3133,56,6.6,mww,114,19,1.269,0.74,us,us7000nrwz,2024-12-05T09:15:43.137Z,"123 km ESE of Kokopo, Papua New Guinea",earthquake,8.06,1.857,0.061,26,reviewed,us,us
2024-11-15T03:59:22.890Z,-31.1811,-176.5398,10,4.5,mb,19,111,2.255,1.25,us,us7000nrwu,2024-11-21T23:43:20.040Z,"Kermadec Islands region",earthquake,10.15,1.881,0.15,15,reviewed,us,us
2024-11-15T03:46:45.931Z,6.5015,-82.4485,10,5,mww,40,160,2.854,1.41,us,us7000nrwt,2024-11-19T13:57:17.040Z,"175 km SSE of Burica, Panama",earthquake,7.92,1.948,0.055,32,reviewed,us,us
2024-11-15T02:17:08.437Z,51.718,-173.612,47.711,4.7,mb,61,139,0.605,1.06,us,us7000nrwh,2024-11-15T07:18:41.383Z,"66 km SE of Atka, Alaska",earthquake,7.95,4.857,0.04,192,reviewed,us,us
2024-11-15T02:08:12.987Z,0.4717,126.6648,64.597,4.6,mb,45,54,0.762,0.61,us,us7000nrwg,2024-11-15T22:31:32.040Z,"87 km WSW of Ternate, Indonesia",earthquake,7.6,6.687,0.112,28,reviewed,us,us
2024-11-15T00:18:53.248Z,25.351,142.6749,21.606,4.6,mb,26,157,1.792,0.37,us,us7000nuyn,2024-12-03T03:29:49.040Z,"Volcano Islands, Japan region",earthquake,14.27,6.801,0.136,16,reviewed,us,us
2024-11-15T00:11:58.422Z,51.567,-178.2855,57.242,5.1,mb,111,87,0.306,0.68,us,us7000nrw7,2024-12-04T00:22:11.352Z,"119 km WSW of Adak, Alaska",earthquake,4.95,4.085,0.025,506,reviewed,us,us
2024-11-14T21:49:14.113Z,51.7933,-178.5908,92.075,4.7,mb,232,99,0.099,0.66,us,us7000nrv2,2024-12-03T03:07:18.029Z,"135 km W of Adak, Alaska",earthquake,5.95,3.356,0.041,180,reviewed,us,us
2024-11-14T19:08:17.852Z,-6.0117,104.3629,92.099,5.1,mb,85,64,2.158,0.82,us,us7000nrtu,2024-11-30T21:27:42.040Z,"118 km WSW of Bandar Lampung, Indonesia",earthquake,4.97,6.455,0.047,146,reviewed,us,us
2024-11-14T17:51:37.077Z,-0.2281,127.0888,38.646,4.7,mb,49,84,1.031,0.53,us,us7000nrtj,2024-11-30T21:18:48.040Z,"61 km NW of Labuha, Indonesia",earthquake,6.73,6.292,0.077,51,reviewed,us,us
2024-11-14T11:15:12.948Z,38.7378,142.659,47.69,4.7,mb,26,130,2.389,0.65,us,us7000nrpa,2024-11-14T12:06:23.040Z,"89 km ESE of Ōfunato, Japan",earthquake,8.41,6.346,0.166,11,reviewed,us,us
2024-11-14T09:16:27.397Z,16.2867,-98.5612,15.14,5,mb,72,177,1.269,0.86,us,us7000nrp3,2024-11-14T15:43:20.313Z,"13 km SSW of Montecillos, Mexico",earthquake,11.73,7.291,0.035,268,reviewed,us,us
2024-11-14T07:54:45.184Z,-22.178,-179.6578,607.134,4.5,mb,35,112,4.908,0.72,us,us7000nrnx,2024-11-30T06:50:23.040Z,"south of the Fiji Islands",earthquake,10.87,9.591,0.102,28,reviewed,us,us
2024-11-14T02:38:16.141Z,23.8706,121.6613,25.715,4.6,mwr,90,54,0.582,0.85,us,us7000nrn9,2024-11-14T19:31:10.783Z,"13 km SSE of Hualien City, Taiwan",earthquake,3.19,5.012,0.073,18,reviewed,us,us
2024-11-14T02:12:06.138Z,29.1797,130.128,60.094,4.5,mb,32,101,2.339,0.85,us,us7000nrn4,2024-11-14T02:36:05.040Z,"95 km NNE of Tatsugō, Japan",earthquake,3.78,9.823,0.121,20,reviewed,us,us
2024-11-14T00:02:13.676Z,39.9614,141.5736,77.367,4.5,mb,48,133,0.914,0.62,us,us7000nrml,2024-11-14T00:19:07.040Z,"14 km SE of Kuzumaki, Japan",earthquake,7.2,5.23,0.083,43,reviewed,us,us
2024-11-13T18:40:42.360Z,-5.0587,102.2493,18.592,4.9,mb,100,94,0.988,0.74,us,us7000nrl4,2024-12-04T16:37:15.040Z,"139 km S of Bengkulu, Indonesia",earthquake,2.9,3.66,0.067,69,reviewed,us,us
2024-11-13T16:51:09.615Z,-29.8593,-177.2971,54.389,4.5,mb,19,222,0.806,1.02,us,us7000nuwt,2024-12-06T05:08:21.040Z,"Kermadec Islands, New Zealand",earthquake,12.86,11.731,0.156,12,reviewed,us,us
2024-11-13T16:34:09.884Z,31.9622,140.3579,89.072,4.5,mb,42,212,1.238,0.88,us,us7000nrky,2024-11-17T02:32:58.040Z,"Izu Islands, Japan region",earthquake,10.82,8.475,0.104,27,reviewed,us,us
2024-11-13T15:47:56.709Z,36.5196,70.8494,224.206,4.9,mb,88,65,2.086,0.63,us,us7000nrj9,2024-11-13T17:21:31.226Z,"38 km S of Jurm, Afghanistan",earthquake,7.4,6.859,0.044,163,reviewed,us,us
2024-11-13T10:20:37.127Z,13.9983,145.5315,92.568,4.5,mb,32,139,0.762,0.5,us,us7000nrir,2024-11-30T06:01:14.197Z,"86 km NE of Yigo Village, Guam",earthquake,7.61,7.473,0.107,26,reviewed,us,us
2024-11-13T09:07:03.162Z,60.9448,-147.3606,16.2,4.5,ml,,,,0.56,ak,ak024em2arnr,2024-11-30T05:39:51.040Z,"38 km WNW of Tatitlek, Alaska",earthquake,,0.2,,,reviewed,ak,ak
2024-11-13T05:21:50.863Z,-22.4052,170.9887,10,4.8,mb,28,200,3.282,0.87,us,us7000nrhs,2024-11-13T12:03:34.376Z,"southeast of the Loyalty Islands",earthquake,12.15,1.96,0.118,22,reviewed,us,us
2024-11-13T05:13:20.699Z,36.5438,71.1536,220.721,5.1,mb,55,62,2.218,0.65,us,us7000nrhn,2024-11-15T14:58:47.679Z,"37 km WSW of Ashkāsham, Afghanistan",earthquake,8.02,9.774,0.074,59,reviewed,us,us
2024-11-13T04:15:07.309Z,29.6209,92.2858,10,4.5,mb,38,105,6.415,0.91,us,us7000nrhe,2024-12-03T02:19:49.040Z,"114 km E of Lhasa, China",earthquake,11.69,1.905,0.097,31,reviewed,us,us
2024-11-13T02:51:17.060Z,15.9496,147.2513,10,4.6,mb,23,98,1.576,0.4,us,us7000nuwa,2024-12-03T00:58:18.040Z,"180 km ENE of Saipan, Northern Mariana Islands",earthquake,9.36,1.476,0.141,15,reviewed,us,us
2024-11-13T01:41:08.339Z,-8.2412,107.893,85.337,4.9,mb,61,80,0.81,0.54,us,us7000nrgq,2024-12-02T23:17:00.095Z,"101 km SSW of Kawalu, Indonesia",earthquake,5.95,6.271,0.061,83,reviewed,us,us
2024-11-13T01:29:31.167Z,-58.7138,-24.8191,21.401,5.1,mb,70,51,19.27,0.59,us,us7000nrgn,2024-12-02T23:05:06.040Z,"South Sandwich Islands region",earthquake,12.1,4.18,0.064,79,reviewed,us,us
2024-11-13T00:20:04.874Z,16.2238,-98.4996,10,4.9,mb,100,153,0.395,1.07,us,us7000nuw7,2024-12-06T04:51:57.040Z,"14 km SSW of Santiago Tepextla, Mexico",earthquake,4.92,1.91,0.065,74,reviewed,us,us
2024-11-13T00:18:23.014Z,16.2346,-98.4411,12.648,5,mww,40,180,1.326,0.75,us,us7000nrgf,2024-11-15T15:12:35.156Z,"11 km S of Santiago Tepextla, Mexico",earthquake,10.04,3.809,0.059,28,reviewed,us,us
2024-11-13T00:07:36.477Z,53.1188,159.4094,65.189,4.5,mb,31,136,0.468,0.82,us,us7000nrge,2024-11-13T00:34:31.040Z,"52 km E of Petropavlovsk-Kamchatsky, Russia",earthquake,12.88,8.514,0.106,26,reviewed,us,us
2024-11-12T16:08:42.283Z,-1.3545,-13.2325,10,5.4,mb,298,30,6.63,0.55,us,us7000nrcp,2024-11-14T16:38:28.718Z,"north of Ascension Island",earthquake,8.74,1.776,0.034,305,reviewed,us,us
2024-11-12T14:31:59.248Z,-4.6006,152.4987,87.552,5.3,mww,221,21,0.526,0.79,us,us7000nrci,2024-11-14T17:54:53.035Z,"38 km SE of Kokopo, Papua New Guinea",earthquake,7.35,4.26,0.098,10,reviewed,us,us
2024-11-12T13:48:50.344Z,36.3155,141.2801,38.636,4.5,mb,58,137,2.487,0.53,us,us7000nrcd,2024-11-12T17:19:14.040Z,"62 km E of Ōarai, Japan",earthquake,9.05,7.721,0.079,50,reviewed,us,us
2024-11-12T09:24:26.883Z,0.5833,126.1828,17.81,5.2,mww,81,46,1.198,1.1,us,us7000nrbx,2024-11-12T09:39:46.040Z,"135 km W of Ternate, Indonesia",earthquake,6.71,4.353,0.086,13,reviewed,us,us
2024-11-12T06:26:32.196Z,-3.2155,123.4697,10.169,4.6,mb,31,89,2.269,0.72,us,us7000nrbp,2024-11-12T08:07:35.040Z,"135 km NE of Kendari, Indonesia",earthquake,3.95,5.13,0.128,18,reviewed,us,us
2024-11-12T05:59:44.532Z,-3.2606,123.3996,10,4.7,mb,31,68,2.291,0.72,us,us7000nrbk,2024-11-12T08:04:06.040Z,"126 km NE of Kendari, Indonesia",earthquake,3.27,1.897,0.127,19,reviewed,us,us
2024-11-12T01:23:25.130Z,5.697,126.5606,10,4.5,mb,20,116,7.349,0.73,us,us7000nurz,2024-12-02T03:25:37.040Z,"84 km SSE of Pondaguitan, Philippines",earthquake,13.35,1.896,0.156,12,reviewed,us,us
2024-11-11T23:56:24.328Z,55.7619,165.4283,10,4.9,mb,86,100,4.818,1.08,us,us7000nra5,2024-11-12T00:21:35.040Z,"191 km ESE of Ust’-Kamchatsk Staryy, Russia",earthquake,10.15,1.877,0.057,97,reviewed,us,us
2024-11-11T22:10:09.065Z,-20.4843,-177.7471,419.481,4.9,mb,103,82,4.816,0.76,us,us7000nr9k,2024-11-11T22:28:42.040Z,"265 km WNW of Houma, Tonga",earthquake,10.27,7.932,0.037,228,reviewed,us,us
2024-11-11T20:21:24.907Z,46.4942,153.902,10,4.6,mb,66,138,7.061,0.94,us,us7000nr96,2024-11-30T19:46:48.040Z,"Kuril Islands",earthquake,11.02,1.911,0.07,61,reviewed,us,us
2024-11-11T13:35:31.309Z,-5.404,125.7974,517.961,5,mb,133,27,4.184,0.77,us,us7000nr5i,2024-12-03T20:49:39.040Z,"Banda Sea",earthquake,9.55,5.855,0.043,180,reviewed,us,us
2024-11-11T13:22:11.982Z,20.108,145.5778,10,4.6,mb,26,125,4.851,0.7,us,us7000nuq9,2024-12-03T20:34:20.040Z,"Maug Islands region, Northern Mariana Islands",earthquake,12.84,1.91,0.128,18,reviewed,us,us
2024-11-11T11:50:57.399Z,30.8043,139.8547,187.988,4.9,mb,57,96,2.304,1.08,us,us7000nr5b,2024-11-11T12:32:37.040Z,"Izu Islands, Japan region",earthquake,8.83,7.206,0.059,90,reviewed,us,us
2024-11-11T10:16:58.633Z,20.2122,145.7557,41.918,5.6,mww,87,79,4.951,1.21,us,us7000nr4w,2024-11-12T10:19:15.587Z,"Maug Islands region, Northern Mariana Islands",earthquake,9.21,6.712,0.06,27,reviewed,us,us
2024-11-11T10:08:21.798Z,-4.9163,132.0383,24.08,4.9,mb,75,52,1.995,1.01,us,us7000nr4u,2024-11-11T10:41:44.040Z,"111 km NW of Tual, Indonesia",earthquake,6.73,3.845,0.097,57,reviewed,us,us
2024-11-11T07:14:57.929Z,-21.2294,-173.9119,10,5,mb,63,116,4.313,0.66,us,us7000nr49,2024-11-11T08:05:11.040Z,"109 km E of ‘Ohonua, Tonga",earthquake,10.01,1.862,0.073,59,reviewed,us,us
2024-11-11T05:06:27.145Z,-17.8176,167.9767,35,4.6,mb,16,201,4.422,0.55,us,us7000nr3r,2024-11-12T02:37:42.904Z,"36 km WSW of Port-Vila, Vanuatu",earthquake,13.54,1.924,0.151,13,reviewed,us,us
2024-11-11T04:02:54.299Z,-15.1467,-173.3653,10,5,mb,45,80,1.966,0.62,us,us7000nr3j,2024-12-02T00:10:23.040Z,"100 km NNE of Hihifo, Tonga",earthquake,10.88,1.88,0.052,115,reviewed,us,us
2024-11-11T02:34:05.345Z,-14.7561,167.3376,105.084,4.7,mb,32,124,0.699,0.45,us,us7000nr37,2024-12-02T01:15:54.040Z,"42 km NE of Port-Olry, Vanuatu",earthquake,12.69,4.288,0.117,22,reviewed,us,us
2024-11-11T01:12:39.204Z,-6.8839,129.7194,125.195,4.9,mb,73,64,2.353,0.55,us,us7000nr2z,2024-12-02T01:44:05.040Z,"Banda Sea",earthquake,9.53,5.638,0.064,79,reviewed,us,us
2024-11-10T22:35:13.094Z,-4.9353,132.0487,10,5.1,mb,113,58,2.013,0.53,us,us7000nr2k,2024-12-05T05:15:06.040Z,"109 km NW of Tual, Indonesia",earthquake,5.91,1.754,0.062,86,reviewed,us,us
2024-11-10T22:10:05.249Z,-29.7675,-69.429,116.889,4.8,mwr,144,39,0.614,0.81,us,us7000nr2d,2024-12-05T04:25:25.040Z,"84 km NW of San José de Jáchal, Argentina",earthquake,5.57,3.936,0.057,30,reviewed,us,us
2024-11-10T21:29:00.217Z,-4.9172,132.0496,10,5,mb,95,45,1.995,0.61,us,us7000nr2a,2024-12-05T00:07:44.040Z,"110 km NW of Tual, Indonesia",earthquake,3.48,1.804,0.065,76,reviewed,us,us
2024-11-10T20:55:16.115Z,48.9035,153.5007,150.55,4.5,mb,82,135,4.974,0.85,us,us7000nr26,2024-11-30T16:26:16.040Z,"273 km SW of Severo-Kuril’sk, Russia",earthquake,10.09,7.037,0.054,99,reviewed,us,us
2024-11-10T18:45:37.801Z,19.7614,-77.1136,15.764,4.6,mb,61,83,0.691,0.71,us,us7000nr1g,2024-11-30T16:05:53.805Z,"48 km SSW of Bartolomé Masó, Cuba",earthquake,4.49,4.304,0.059,85,reviewed,us,us
2024-11-10T17:53:19.260Z,-19.0343,169.4737,286.821,4.6,mb,50,118,4.034,0.77,us,us7000nr10,2024-11-30T15:59:19.040Z,"59 km NNE of Isangel, Vanuatu",earthquake,10.07,7.824,0.053,105,reviewed,us,us
2024-11-10T17:23:31.704Z,-24.3499,-69.3513,102.22,4.5,mb,30,94,0.838,0.87,us,us7000nr0y,2024-11-30T15:55:17.040Z,"131 km SE of Antofagasta, Chile",earthquake,4.83,6.011,0.131,17,reviewed,us,us
2024-11-10T16:49:50.496Z,19.8191,-77.0757,14,6.8,mww,90,26,0.641,1.03,us,us7000nr0v,2024-12-02T15:44:25.253Z,"40 km SSW of Bartolomé Masó, Cuba",earthquake,3.4,1.649,0.032,94,reviewed,us,us
2024-11-10T16:28:28.767Z,-19.6115,-175.6166,206.93,4.6,mb,34,107,5.398,0.95,us,us7000nr0q,2024-12-01T21:24:27.040Z,"134 km W of Pangai, Tonga",earthquake,15.23,12.152,0.087,39,reviewed,us,us
2024-11-10T15:50:03.008Z,19.8473,-76.9664,19,5.8,mwr,96,41,0.534,1.04,us,us7000nr0n,2024-12-01T21:22:28.205Z,"35 km S of Bartolomé Masó, Cuba",earthquake,1.84,1.752,0.069,20,reviewed,us,us
2024-11-10T15:46:54.732Z,-30.4365,-177.7681,10,5.2,mb,47,113,1.178,1.17,us,us7000nr0k,2024-12-01T20:57:41.040Z,"Kermadec Islands, New Zealand",earthquake,8.28,1.81,0.079,53,reviewed,us,us
2024-11-10T14:57:44.300Z,25.6592,142.7244,18.405,4.8,mb,34,120,1.51,0.4,us,us7000nr0g,2024-12-01T20:51:54.040Z,"Volcano Islands, Japan region",earthquake,12.51,5.131,0.086,42,reviewed,us,us
2024-11-10T12:11:20.312Z,52.3803,99.2938,10,4.5,mb,41,81,6.445,0.71,us,us7000nqzx,2024-12-03T03:25:59.040Z,"39 km WSW of Orlik, Russia",earthquake,12.11,1.898,0.085,41,reviewed,us,us
2024-11-10T09:43:22.826Z,-20.7394,-178.5362,583.497,5,mb,80,47,4.388,0.74,us,us7000nqzm,2024-12-03T02:59:54.040Z,"Fiji region",earthquake,12.19,8.3,0.025,488,reviewed,us,us
2024-11-10T08:27:01.499Z,-16.0468,-172.2676,10,4.9,mb,36,87,2.177,1.13,us,us7000nqz1,2024-12-01T12:44:37.040Z,"163 km E of Hihifo, Tonga",earthquake,8.67,1.904,0.112,25,reviewed,us,us
2024-11-10T06:44:27.665Z,-4.1655,-75.4979,10,4.5,mb,41,104,3.663,0.82,us,us7000nqyh,2024-12-01T13:06:30.040Z,"119 km N of Lagunas, Peru",earthquake,8.37,1.901,0.091,35,reviewed,us,us
2024-11-10T05:13:22.899Z,25.6933,142.8168,10,4.9,mb,67,121,1.507,0.95,us,us7000nqy6,2024-12-01T12:27:18.040Z,"Volcano Islands, Japan region",earthquake,11.09,1.887,0.057,100,reviewed,us,us
2024-11-10T00:48:31.711Z,-22.6155,-175.0751,10,4.6,mb,31,157,1.444,0.86,us,us7000nqxm,2024-11-30T04:17:23.976Z,"141 km S of ‘Ohonua, Tonga",earthquake,11.76,1.916,0.122,20,reviewed,us,us
2024-11-09T23:37:55.487Z,-32.1228,-177.9042,10,4.6,mb,14,158,2.852,0.79,us,us7000nuat,2024-11-28T01:01:46.040Z,"south of the Kermadec Islands",earthquake,8.67,1.801,0.157,12,reviewed,us,us
2024-11-09T21:20:41.874Z,-4.7705,137.7972,15.891,4.9,mb,47,64,3.665,0.43,us,us7000nqx9,2024-11-11T04:00:42.040Z,"93 km NNW of Agats, Indonesia",earthquake,8.89,4.454,0.069,65,reviewed,us,us
2024-11-09T20:37:50.966Z,45.3508,98.832,10,5,mb,71,46,5.773,0.63,us,us7000nqx5,2024-11-30T01:54:37.040Z,"174 km WSW of Bayanhongor, Mongolia",earthquake,9.45,1.874,0.041,196,reviewed,us,us
2024-11-09T19:30:18.781Z,7.5218,-82.3895,10,5.8,mww,91,59,1.926,0.74,us,us7000nqwx,2024-11-30T01:30:36.355Z,"77 km SE of Burica, Panama",earthquake,6.44,1.69,0.044,50,reviewed,us,us
2024-11-09T19:17:08.015Z,-24.3078,178.9053,540.505,4.7,mb,70,65,5.691,0.91,us,us7000nqwt,2024-11-30T01:10:06.040Z,"south of the Fiji Islands",earthquake,11.26,6.384,0.043,167,reviewed,us,us
2024-11-09T19:08:50.701Z,-8.0303,162.6435,10,4.9,mb,47,96,3.01,0.79,us,us7000nqws,2024-11-30T00:57:27.040Z,"229 km ENE of Auki, Solomon Islands",earthquake,9.28,1.881,0.053,111,reviewed,us,us
2024-11-09T18:48:57.561Z,56.4223,-33.9835,10,4.7,mb,134,54,8.777,0.55,us,us7000nqwr,2024-12-05T15:30:04.040Z,"Reykjanes Ridge",earthquake,8.34,1.831,0.038,206,reviewed,us,us
2024-11-09T15:52:15.327Z,31.0954,131.3565,43.639,4.5,mb,91,98,0.877,0.99,us,us7000nqwe,2024-12-04T22:08:33.040Z,"44 km SSE of Kushima, Japan",earthquake,5.5,7.266,0.066,73,reviewed,us,us
2024-11-09T15:17:52.982Z,25.6313,142.4478,51.987,4.9,mb,109,101,1.477,0.6,us,us7000nqwb,2024-12-04T22:03:48.040Z,"Volcano Islands, Japan region",earthquake,9.93,6.738,0.053,116,reviewed,us,us
2024-11-09T14:47:22.773Z,25.0946,142.6757,46.681,4.7,mb,43,98,2.041,0.78,us,us7000nqw9,2024-11-30T20:55:18.040Z,"Volcano Islands, Japan region",earthquake,11.56,6.94,0.058,89,reviewed,us,us
2024-11-09T14:13:16.342Z,-30.2297,-176.9789,10,4.6,mb,25,115,1.265,0.57,us,us7000nqw4,2024-11-30T20:39:05.040Z,"Kermadec Islands region",earthquake,8.83,1.901,0.114,23,reviewed,us,us
2024-11-09T13:45:33.039Z,-25.7465,-13.8406,10,5.1,mb,65,60,26.231,0.69,us,us7000nqw0,2024-11-30T20:31:29.040Z,"southern Mid-Atlantic Ridge",earthquake,5.89,1.83,0.07,67,reviewed,us,us
2024-11-09T11:04:02.567Z,7.5987,-82.4935,10,4.5,mb,50,141,1.813,0.61,us,us7000nqvb,2024-12-01T12:07:16.040Z,"63 km SE of Burica, Panama",earthquake,7.69,1.918,0.094,33,reviewed,us,us
2024-11-09T10:15:46.730Z,19.6238,-65.3376,74,4.68,md,29,223,1.3247,0.36,pr,pr2024314000,2024-12-01T12:06:46.804Z,"142 km NNE of Vieques, Puerto Rico",earthquake,3.01,8.109,0.08,26,reviewed,pr,pr
2024-11-09T10:03:40.678Z,7.4858,-82.4178,10,5.6,mww,78,92,1.946,0.78,us,us7000nqv1,2024-12-04T06:57:43.278Z,"78 km SE of Burica, Panama",earthquake,7.94,1.876,0.036,74,reviewed,us,us
2024-11-09T08:22:16.526Z,-20.3279,-175.768,143.328,4.8,mb,22,151,5.642,0.52,us,us7000nquv,2024-11-27T12:48:23.040Z,"105 km NNW of Houma, Tonga",earthquake,21.35,13.86,0.116,23,reviewed,us,us
2024-11-09T07:57:04.989Z,-0.8006,134.4506,24.139,4.6,mb,37,76,3.045,0.53,us,us7000nqur,2024-11-27T12:42:25.040Z,"43 km E of Manokwari, Indonesia",earthquake,10.01,5.154,0.09,37,reviewed,us,us
2024-11-09T05:00:39.995Z,32.3106,142.4167,10,5,mb,174,98,2.336,0.51,us,us7000nquf,2024-11-26T17:24:03.040Z,"Izu Islands, Japan region",earthquake,7.7,1.848,0.047,148,reviewed,us,us
2024-11-09T04:48:05.340Z,-30.3928,-177.6139,35,4.5,mb,13,144,1.158,0.65,us,us7000nua1,2024-11-27T00:48:58.040Z,"Kermadec Islands, New Zealand",earthquake,13.27,1.968,0.205,8,reviewed,us,us
2024-11-09T02:53:38.075Z,0.9901,121.1379,57.398,4.9,mb,63,57,0.376,0.97,us,us7000nqtx,2024-11-30T00:52:31.040Z,"219 km WNW of Gorontalo, Indonesia",earthquake,9.29,5.283,0.07,66,reviewed,us,us
2024-11-09T01:12:43.630Z,10.1406,125.9297,74.91,4.6,mb,54,100,3.071,0.84,us,us7000nqtc,2024-11-30T00:40:09.040Z,"17 km NW of Santa Monica, Philippines",earthquake,11.5,6.72,0.072,60,reviewed,us,us
2024-11-09T00:48:33.569Z,13.6508,120.8082,10,4.5,mb,45,127,11.802,0.56,us,us7000nqt8,2024-12-04T23:29:12.040Z,"6 km W of Tingloy, Philippines",earthquake,12.47,1.921,0.093,34,reviewed,us,us
2024-11-08T23:26:35.662Z,25.4584,142.8157,17.984,5,mb,120,53,1.726,0.69,us,us7000nqsv,2024-12-04T04:41:14.040Z,"Volcano Islands, Japan region",earthquake,9.77,4.027,0.056,101,reviewed,us,us
2024-11-08T20:06:04.854Z,65.3879,-134.6031,6.82,4.9,mww,269,13,1.552,0.56,us,us7000nqqx,2024-12-04T20:22:31.985Z,"273 km ENE of Dawson City, Canada",earthquake,4.58,3.499,0.075,17,reviewed,us,us
2024-11-08T19:58:45.753Z,52.8601,160.4325,51.224,4.6,mb,89,131,1.091,0.5,us,us7000nqqv,2024-12-04T19:32:04.040Z,"123 km ESE of Petropavlovsk-Kamchatsky, Russia",earthquake,10.51,7.215,0.057,100,reviewed,us,us
2024-11-08T18:36:49.770Z,24.9393,142.7563,23.669,4.6,mb,92,124,2.208,0.59,us,us7000nqqp,2024-12-04T18:46:57.040Z,"Volcano Islands, Japan region",earthquake,10.72,5.669,0.065,76,reviewed,us,us
2024-11-08T17:06:20.638Z,28.6983,143.33,10,4.5,mb,59,119,1.891,0.33,us,us7000nu56,2024-12-04T18:26:33.040Z,"Bonin Islands, Japan region",earthquake,8.73,1.874,0.082,46,reviewed,us,us
2024-11-08T16:30:59.428Z,1.0682,94.3472,22.999,4.5,mb,24,182,4.88,0.92,us,us7000nqn9,2024-11-30T20:01:30.040Z,"274 km SW of Sinabang, Indonesia",earthquake,10.16,6.361,0.136,17,reviewed,us,us
2024-11-08T16:23:58.964Z,-25.2849,179.8278,515.952,4.5,mb,39,95,4.421,0.93,us,us7000nqmb,2024-11-30T19:57:08.040Z,"south of the Fiji Islands",earthquake,15,9.202,0.078,49,reviewed,us,us
2024-11-08T16:17:24.592Z,-25.059,178.7373,584.775,4.6,mb,32,104,5.118,0.7,us,us7000nqm9,2024-11-30T16:02:16.040Z,"south of the Fiji Islands",earthquake,15.84,13.196,0.103,28,reviewed,us,us
2024-11-08T15:40:31.976Z,53.2388,159.5766,68.314,4.6,mb,52,133,0.599,0.72,us,us7000nqm2,2024-11-29T21:25:28.040Z,"66 km ENE of Petropavlovsk-Kamchatsky, Russia",earthquake,8.95,6.132,0.073,55,reviewed,us,us
2024-11-08T15:15:12.398Z,-28.7282,-71.3826,44.204,4.6,mb,34,142,0.588,0.91,us,us7000nqly,2024-11-29T20:59:06.040Z,"63 km WSW of Vallenar, Chile",earthquake,6.02,4.233,0.117,23,reviewed,us,us
2024-11-08T14:50:47.731Z,51.383,-176.649,35,4.9,mb,54,174,0.503,0.86,us,us7000nqlu,2024-12-03T02:06:53.357Z,"54 km S of Adak, Alaska",earthquake,4.92,1.946,0.03,341,reviewed,us,us
2024-11-08T14:04:01.624Z,38.5535,39.7334,10,5.1,mwr,53,69,0.379,0.93,us,us7000nqls,2024-12-03T02:03:02.938Z,"21 km SSW of Kovancılar, Turkey",earthquake,4.33,1.86,0.056,31,reviewed,us,us
2024-11-08T11:45:32.107Z,-46.8208,-75.8836,10,5,mb,26,141,2.293,1.19,us,us7000nqlq,2024-12-03T00:45:38.040Z,"256 km WNW of Cochrane, Chile",earthquake,7.33,1.921,0.146,15,reviewed,us,us
2024-11-08T11:38:00.416Z,-46.7782,-75.6266,10,6.3,mww,85,52,2.131,0.73,us,us7000nql2,2024-12-03T00:34:27.726Z,"238 km WNW of Cochrane, Chile",earthquake,4.83,1.816,0.039,62,reviewed,us,us
2024-11-08T10:37:42.623Z,-1.4492,-77.4738,190.812,5.1,mww,244,76,0.553,0.6,us,us7000nqkx,2024-12-05T12:18:48.865Z,"58 km E of Puyo, Ecuador",earthquake,8.99,5.677,0.065,23,reviewed,us,us
2024-11-08T08:32:27.106Z,-30.2386,-177.3565,10,4.5,mb,15,212,1.09,0.76,us,us7000nu4t,2024-11-30T07:26:43.040Z,"Kermadec Islands, New Zealand",earthquake,11.05,1.998,0.151,13,reviewed,us,us
2024-11-08T08:01:21.061Z,-4.6843,128.3742,269.174,4.5,mb,25,60,1.534,0.31,us,us7000nqkj,2024-12-01T07:05:24.040Z,"111 km S of Ambon, Indonesia",earthquake,11.99,9.038,0.131,17,reviewed,us,us
2024-11-08T07:25:15.267Z,51.2105,-178.4826,35,4.6,mb,73,138,0.401,0.79,us,us7000nqkc,2024-12-01T07:03:20.040Z,"147 km WSW of Adak, Alaska",earthquake,4.31,1.896,0.035,251,reviewed,us,us
2024-11-08T05:00:54.894Z,29.9237,92.2999,10,4.7,mb,43,103,6.51,0.56,us,us7000nqjm,2024-12-01T06:47:23.040Z,"119 km ENE of Lhasa, China",earthquake,7.27,1.86,0.094,34,reviewed,us,us
2024-11-08T02:53:22.982Z,-41.4646,-84.7884,10,5,mb,35,138,9.126,0.98,us,us7000nqj9,2024-11-30T00:24:15.040Z,"West Chile Rise",earthquake,10.09,1.584,0.048,141,reviewed,us,us
2024-11-08T01:17:19.293Z,25.5033,142.6692,20.73,4.6,mb,59,121,1.644,0.61,us,us7000nqj5,2024-11-30T00:15:24.040Z,"Volcano Islands, Japan region",earthquake,13.05,5.634,0.062,78,reviewed,us,us
2024-11-07T22:21:23.832Z,25.4763,142.6357,10,4.7,mb,33,135,1.663,0.51,us,us6000p73e,2024-12-04T01:55:10.040Z,"Volcano Islands, Japan region",earthquake,10.91,1.918,0.126,21,reviewed,us,us
2024-11-07T21:43:58.363Z,25.517,142.6672,10,4.6,mb,45,123,1.631,0.72,us,us7000nqi9,2024-12-04T01:42:30.040Z,"Volcano Islands, Japan region",earthquake,11.97,1.9,0.103,28,reviewed,us,us
2024-11-07T20:23:10.093Z,25.5035,142.81,10,4.6,mb,56,123,1.682,0.62,us,us7000nqhg,2024-11-23T15:27:30.040Z,"Volcano Islands, Japan region",earthquake,11.19,1.897,0.078,49,reviewed,us,us
2024-11-07T20:11:24.587Z,25.495,142.7053,10,4.8,mb,90,98,1.661,0.48,us,us7000nqhf,2024-11-23T15:24:53.040Z,"Volcano Islands, Japan region",earthquake,8.26,1.744,0.043,165,reviewed,us,us
2024-11-07T20:07:06.184Z,25.2513,142.6412,10,4.6,mb,72,112,1.882,0.82,us,us7000nqhd,2024-11-23T15:21:44.040Z,"Volcano Islands, Japan region",earthquake,10.93,1.901,0.071,59,reviewed,us,us
2024-11-07T20:06:29.569Z,25.405,142.7163,10,4.5,mb,48,146,1.75,0.63,us,us7000nqhs,2024-11-23T15:30:09.040Z,"Volcano Islands, Japan region",earthquake,7.4,1.92,0.091,35,reviewed,us,us
2024-11-07T19:53:54.072Z,25.4503,142.847,10,5.1,mww,97,115,1.743,0.69,us,us7000nqha,2024-11-23T15:12:53.040Z,"Volcano Islands, Japan region",earthquake,9.37,1.876,0.063,24,reviewed,us,us
2024-11-07T19:12:30.508Z,25.4715,142.809,10,4.7,mb,78,66,1.712,0.67,us,us7000nqh5,2024-11-23T14:55:24.040Z,"Volcano Islands, Japan region",earthquake,9.2,1.863,0.058,91,reviewed,us,us
2024-11-07T17:07:14.336Z,-5.7492,154.3149,132.186,4.5,mb,30,96,2.644,0.74,us,us7000nqgq,2024-11-23T14:51:31.040Z,"143 km WNW of Panguna, Papua New Guinea",earthquake,10.7,7.866,0.113,23,reviewed,us,us
2024-11-07T16:42:05.663Z,-5.6899,154.3528,97.133,5.2,mww,66,30,2.641,0.73,us,us7000nqfp,2024-11-25T20:02:02.040Z,"143 km WNW of Panguna, Papua New Guinea",earthquake,10.42,5.574,0.071,19,reviewed,us,us
2024-11-07T15:54:10.526Z,25.5122,142.6532,33.348,4.7,mb,46,143,1.632,0.42,us,us7000nqec,2024-11-25T17:38:09.040Z,"Volcano Islands, Japan region",earthquake,11.78,5.89,0.093,35,reviewed,us,us
2024-11-07T14:56:58.077Z,-24.2875,-67.9803,111.85,4.8,mb,52,56,1.342,0.89,us,us7000nqea,2024-11-25T17:25:25.040Z,"154 km S of San Pedro de Atacama, Chile",earthquake,6.2,6.444,0.038,217,reviewed,us,us
2024-11-07T12:05:22.517Z,25.6467,142.3956,46.807,4.7,mb,53,129,1.455,0.7,us,us7000nqe1,2024-12-03T12:03:19.040Z,"Volcano Islands, Japan region",earthquake,10.05,6.843,0.089,38,reviewed,us,us
2024-11-07T09:07:51.733Z,29.3583,130.6616,35,4.9,mb,58,69,2.152,0.83,us,us7000nqdq,2024-12-04T09:27:50.040Z,"97 km S of Koshima, Japan",earthquake,5.93,1.858,0.082,46,reviewed,us,us
2024-11-07T09:06:44.616Z,29.35,130.533,38.916,4.5,mb,36,115,2.153,0.52,us,us6000p72y,2024-12-05T08:03:42.040Z,"98 km S of Koshima, Japan",earthquake,7.96,7.78,0.113,23,reviewed,us,us
2024-11-07T09:00:06.910Z,-56.2193,-27.4481,119.198,5,mb,67,56,5.522,0.74,us,us7000nqdi,2024-12-05T07:22:16.040Z,"South Sandwich Islands region",earthquake,10.82,5.628,0.073,61,reviewed,us,us
2024-11-07T06:24:38.457Z,-14.8217,-75.2634,58.442,4.9,mb,87,121,3.209,0.57,us,us7000nqcy,2024-11-26T16:07:20.538Z,"17 km SSW of Changuillo, Peru",earthquake,9.15,7.052,0.059,90,reviewed,us,us
2024-11-07T04:31:33.207Z,-42.2511,74.8589,10,5.4,mww,96,18,4.911,0.54,us,us7000nqcc,2024-11-11T03:48:00.957Z,"Mid-Indian Ridge",earthquake,9.67,1.727,0.066,22,reviewed,us,us
2024-11-07T02:31:48.513Z,25.3085,142.7458,10,4.6,mb,23,153,1.85,0.52,us,us6000p724,2024-11-29T03:57:07.040Z,"Volcano Islands, Japan region",earthquake,12.53,1.928,0.137,16,reviewed,us,us
2024-11-07T02:23:34.010Z,-26.5646,-114.8184,10,4.8,mb,13,176,38.561,0.78,us,us6000p72b,2024-11-29T04:22:40.040Z,"Easter Island region",earthquake,9.84,1.905,0.167,11,reviewed,us,us
2024-11-07T02:21:29.134Z,-26.6545,-114.7319,10,4.6,mb,13,164,38.943,0.84,us,us6000p723,2024-11-29T04:34:53.040Z,"Easter Island region",earthquake,19.33,1.941,0.165,11,reviewed,us,us
2024-11-07T02:12:34.367Z,25.4828,142.6825,10,5,mb,56,65,1.667,0.8,us,us7000nqc3,2024-11-11T02:55:49.040Z,"Volcano Islands, Japan region",earthquake,11.06,1.861,0.07,65,reviewed,us,us
2024-11-07T01:55:31.364Z,-30.3078,-177.1614,10,5.5,mb,82,48,1.233,0.48,us,us7000nqc0,2024-11-11T00:36:56.998Z,"Kermadec Islands, New Zealand",earthquake,9.73,1.753,0.035,277,reviewed,us,us
2024-11-07T01:11:47.302Z,25.4937,142.7925,10,5.2,mww,142,71,1.686,0.62,us,us7000nqby,2024-11-30T04:24:21.040Z,"Volcano Islands, Japan region",earthquake,7.01,1.82,0.075,17,reviewed,us,us
2024-11-06T23:34:31.252Z,25.436,142.3073,10,4.5,mb,21,161,1.656,0.47,us,us6000p71i,2024-12-04T02:24:53.040Z,"Volcano Islands, Japan region",earthquake,12.93,1.956,0.14,15,reviewed,us,us
2024-11-06T23:06:18.218Z,25.4524,142.6229,10,4.7,mb,30,153,1.683,0.62,us,us6000p71c,2024-12-03T03:28:16.040Z,"Volcano Islands, Japan region",earthquake,12.28,1.915,0.121,21,reviewed,us,us
2024-11-06T22:59:15.938Z,25.3721,142.6759,10,5.1,mb,34,136,1.772,0.51,us,us6000p71k,2024-12-03T02:52:36.040Z,"Volcano Islands, Japan region",earthquake,10.84,1.927,0.11,27,reviewed,us,us
2024-11-06T22:59:01.090Z,25.4025,143.156,10,5.1,mb,53,137,1.898,0.87,us,us6000p71b,2024-11-29T06:04:06.040Z,"Volcano Islands, Japan region",earthquake,7.78,1.907,0.09,40,reviewed,us,us
2024-11-06T22:55:03.607Z,25.4039,142.8586,8,5.8,mww,277,22,1.79,0.49,us,us7000nqb9,2024-11-29T06:00:56.234Z,"Volcano Islands, Japan region",earthquake,8.16,1.753,0.048,41,reviewed,us,us
2024-11-06T20:19:56.281Z,29.8366,92.1951,10,4.7,mb,94,44,6.398,0.57,us,us7000nqak,2024-12-03T17:42:16.040Z,"107 km E of Lhasa, China",earthquake,8.05,1.808,0.066,69,reviewed,us,us
